Date,Interest(%)
1/2/2007,6.09
1/3/2007,5.66
1/6/2007,3.9
1/8/2007,2.9
1/9/2007,3.17
1/10/2007,6.1
1/11/2007,5.06
2/1/2007,7.93
2/2/2007,6.32
2/3/2007,5.74
2/4/2007,4.39
2/5/2007,4.46
2/7/2007,5.06
2/8/2007,3
2/10/2007,5.73
2/11/2007,5.15
3/1/2007,7.94
3/4/2007,4.58
3/5/2007,4.47
3/7/2007,5.02
3/8/2007,3.09
3/10/2007,5.79
3/12/2007,7.5
4/1/2007,7.64
4/4/2007,4.25
4/5/2007,4.75
4/6/2007,4.35
4/7/2007,4.77
4/9/2007,3.07
4/10/2007,5.7
4/12/2007,7.59
5/1/2007,7.73
5/2/2007,5.92
5/3/2007,5.24
5/4/2007,4.55
5/6/2007,4.76
5/7/2007,4.61
5/9/2007,3.15
5/10/2007,5.79
5/11/2007,5.13
5/12/2007,6.97
6/2/2007,6
6/3/2007,5.24
6/4/2007,4.51
6/6/2007,5.12
6/7/2007,4.38
6/8/2007,3.05
6/9/2007,3.39
6/11/2007,5.22
6/12/2007,6.59
7/2/2007,5.89
7/3/2007,5.15
7/5/2007,4.53
7/6/2007,5.39
7/8/2007,3.23
7/9/2007,3.55
7/11/2007,5.24
7/12/2007,6.09
8/1/2007,7.82
8/2/2007,5.51
8/3/2007,4.97
8/5/2007,4.63
8/6/2007,6.09
8/8/2007,3.25
8/9/2007,3.55
8/10/2007,5.67
8/11/2007,5.44
9/1/2007,7.72
9/2/2007,6.21
9/3/2007,5.28
9/4/2007,4.41
9/5/2007,4.45
9/7/2007,4.21
9/8/2007,3.27
9/10/2007,5.42
9/11/2007,5.33
10/1/2007,7.36
10/4/2007,4.66
10/5/2007,4.18
10/7/2007,4.17
10/8/2007,3.28
10/9/2007,3.47
10/10/2007,5.42
10/12/2007,6.58
11/1/2007,7.38
11/4/2007,4.42
11/5/2007,4.48
11/6/2007,6.73
11/7/2007,4.17
11/9/2007,4.37
11/10/2007,5.43
11/12/2007,6.59
12/1/2007,7.75
12/2/2007,6.15
12/3/2007,4.82
12/4/2007,4.31
12/6/2007,7.02
12/7/2007,4.02
12/9/2007,5.36
12/10/2007,5.57
12/11/2007,5.33
12/12/2007,6.33
1/2/2008,14.16
1/4/2008,4.89
1/7/2008,18.22
1/8/2008,17.64
1/9/2008,14.08
1/10/2008,12.9
1/12/2008,8.09
2/1/2008,6.52
2/4/2008,8.01
2/5/2008,12.6
2/6/2008,14.01
2/7/2008,18.84
2/10/2008,13.22
2/12/2008,9.93
3/1/2008,6.27
3/3/2008,8.57
3/4/2008,9.74
3/6/2008,15.16
3/7/2008,19.24
3/9/2008,16.64
3/10/2008,14.57
3/11/2008,10.97
3/12/2008,9.57
4/1/2008,7
4/2/2008,14.49
4/3/2008,8.48
4/4/2008,9.7
4/6/2008,16.28
4/7/2008,20.69
4/8/2008,18.42
4/9/2008,16.9
4/11/2008,10.28
4/12/2008,9.98
5/2/2008,14.84
5/3/2008,8.45
5/5/2008,16.4
5/6/2008,16.57
5/8/2008,19.7
5/9/2008,14.93
5/11/2008,9.91
5/12/2008,9.04
6/3/2008,8.62
6/5/2008,14.7
6/6/2008,17.3
6/8/2008,19.1
6/10/2008,14.47
6/11/2008,9.88
7/1/2008,6.9
7/3/2008,7.54
7/4/2008,10.35
7/5/2008,16.75
7/7/2008,19.44
7/8/2008,18.81
7/10/2008,14.18
7/11/2008,9.43
8/1/2008,6.84
8/4/2008,10.68
8/5/2008,16.29
8/7/2008,19.59
8/8/2008,17.38
8/9/2008,15.84
8/10/2008,14.43
8/12/2008,8.65
9/1/2008,7.21
9/4/2008,11.14
9/5/2008,16.64
9/6/2008,17.17
9/7/2008,19.64
9/9/2008,15.58
9/10/2008,13.3
9/12/2008,7.84
10/1/2008,8.06
10/3/2008,7.33
10/4/2008,10.49
10/6/2008,16.63
10/7/2008,19.95
10/9/2008,15.47
10/10/2008,14.27
10/11/2008,9.13
10/12/2008,7.47
11/1/2008,7.76
11/3/2008,6.85
11/4/2008,9.41
11/6/2008,18.33
11/7/2008,19.86
11/8/2008,17.15
11/9/2008,15.19
11/11/2008,9.19
11/12/2008,7.09
12/2/2008,9.72
12/3/2008,5.28
12/5/2008,17.4
12/6/2008,18.14
12/8/2008,16.38
12/9/2008,14.33
12/11/2008,8.66
12/12/2008,6.98
1/4/2009,6.17
1/6/2009,5.83
1/7/2009,5.49
1/9/2009,6.89
1/10/2009,7.85
1/12/2009,8.37
2/1/2009,6.34
2/2/2009,5.09
2/3/2009,6.6
2/4/2009,6.3
2/6/2009,5.76
2/7/2009,5.46
2/10/2009,6.08
2/11/2009,7.61
2/12/2009,8.86
3/2/2009,5.05
3/3/2009,6.43
3/4/2009,6
3/6/2009,5.85
3/7/2009,5.28
3/8/2009,5.82
3/9/2009,7.53
3/11/2009,7.71
3/12/2009,9.07
4/2/2009,5.12
4/3/2009,6.32
4/5/2009,6.04
4/6/2009,5.82
4/8/2009,6.01
4/9/2009,7.27
4/11/2009,7.68
4/12/2009,9.52
5/1/2009,5.99
5/2/2009,5.88
5/3/2009,6.2
5/5/2009,5.92
5/6/2009,5.58
5/8/2009,6.42
5/10/2009,6.76
5/11/2009,7.69
6/1/2009,5.81
6/2/2009,6.16
6/3/2009,6.11
6/5/2009,6.16
6/7/2009,5.41
6/8/2009,6.45
6/10/2009,6.62
6/11/2009,7.42
7/1/2009,5.82
7/4/2009,6.31
7/5/2009,5.96
7/7/2009,5.42
7/8/2009,6.63
7/9/2009,7.19
7/10/2009,6.6
7/12/2009,10.09
8/1/2009,5.55
8/4/2009,6.5
8/5/2009,5.99
8/6/2009,5.65
8/7/2009,5.36
8/9/2009,7.11
8/10/2009,6.59
8/12/2009,10.12
9/1/2009,5.77
9/2/2009,6.31
9/3/2009,6.16
9/4/2009,6.49
9/6/2009,5.91
9/7/2009,5.44
9/9/2009,7.01
9/10/2009,6.44
9/11/2009,7.82
9/12/2009,10.03
10/2/2009,6.49
10/3/2009,6.09
10/4/2009,6.05
10/6/2009,5.61
10/7/2009,5.37
10/8/2009,7.07
10/9/2009,6.69
10/11/2009,7.63
10/12/2009,9.91
11/2/2009,6.28
11/3/2009,6.18
11/5/2009,6.14
11/6/2009,5.57
11/8/2009,6.9
11/9/2009,6.34
11/11/2009,7.65
11/12/2009,9.96
12/1/2009,4.49
12/2/2009,6.1
12/3/2009,6.47
12/5/2009,5.65
12/6/2009,5.22
12/8/2009,7.12
12/10/2009,6.64
12/11/2009,7.68
1/3/2010,7.9
1/4/2010,7.31
1/6/2010,6.57
1/7/2010,6.55
1/9/2010,7.15
1/10/2010,6.23
1/11/2010,8.27
1/12/2010,9.51
2/3/2010,8.59
2/4/2010,7.14
2/6/2010,6.49
2/7/2010,6.66
2/8/2010,6.63
2/11/2010,8.52
2/12/2010,9.73
3/3/2010,8.12
3/6/2010,6.03
3/8/2010,6.89
3/9/2010,6.52
3/11/2010,10.17
3/12/2010,10.21
4/1/2010,10.88
4/3/2010,7.54
4/5/2010,7.01
4/6/2010,6.22
4/8/2010,6.67
4/10/2010,6.47
4/11/2010,11.32
5/1/2010,10.39
5/3/2010,6.93
5/4/2010,7.01
5/5/2010,6.85
5/7/2010,6.43
5/8/2010,6.3
5/10/2010,6.62
5/11/2010,11.43
6/1/2010,9.9
6/4/2010,7.04
6/5/2010,6.8
6/7/2010,6.45
6/8/2010,6.53
6/9/2010,7.11
6/10/2010,6.68
6/12/2010,11.28
7/1/2010,9.2
7/4/2010,6.6
7/5/2010,7.19
7/6/2010,6.68
7/7/2010,6.29
7/9/2010,7.31
7/10/2010,6.75
7/12/2010,12.37
8/1/2010,8.73
8/3/2010,6.72
8/4/2010,6.44
8/6/2010,6.46
8/7/2010,6.41
8/9/2010,6.93
8/10/2010,6.56
8/11/2010,12.38
8/12/2010,13.08
9/3/2010,6.93
9/4/2010,6.24
9/6/2010,6.43
9/7/2010,6.43
9/9/2010,7.35
9/11/2010,12.9
9/12/2010,13.36
10/5/2010,7.07
10/6/2010,6.44
10/8/2010,6.6
10/9/2010,7.03
10/11/2010,12.94
10/12/2010,13.27
11/1/2010,8.47
11/3/2010,7.11
11/5/2010,7.03
11/10/2010,6.93
11/11/2010,12.92
12/1/2010,8.37
12/3/2010,7.09
12/4/2010,6.87
12/5/2010,7.02
12/7/2010,6.41
12/8/2010,6.67
12/10/2010,6.95
12/11/2010,12.9
1/3/2011,12.97
1/4/2011,13.21
1/6/2011,11.99
1/7/2011,11.52
1/9/2011,11.33
1/11/2011,12.93
1/12/2011,13.33
2/3/2011,13.32
2/6/2011,12.62
2/8/2011,11
2/11/2011,13.65
2/12/2011,13.83
3/3/2011,13.36
3/6/2011,12.69
3/8/2011,10.38
3/10/2011,12.06
3/11/2011,14.15
4/1/2011,11
4/3/2011,13.34
4/4/2011,13.44
4/5/2011,12.81
4/7/2011,11.68
4/8/2011,10.5
4/10/2011,11.95
4/11/2011,13.8
5/1/2011,11.34
5/4/2011,13.35
5/5/2011,12.84
5/7/2011,11.51
5/8/2011,10.62
5/9/2011,12.65
5/10/2011,12.19
5/12/2011,13.95
6/1/2011,10.08
6/4/2011,13.07
6/5/2011,12.9
6/6/2011,12.8
6/7/2011,11.59
6/9/2011,13.29
6/10/2011,12.21
6/12/2011,13.54
7/1/2011,11.4
7/3/2011,13.36
7/4/2011,12.89
7/6/2011,13.03
7/7/2011,12.07
7/9/2011,13.52
7/10/2011,12.99
7/11/2011,12.6
7/12/2011,13.89
8/2/2011,13.19
8/4/2011,13.08
8/6/2011,12.9
8/7/2011,12.4
8/8/2011,10.79
8/9/2011,13.39
8/11/2011,13.78
8/12/2011,14.52
9/2/2011,13.07
9/3/2011,13.47
9/5/2011,13.28
9/6/2011,12.99
9/8/2011,10.79
9/9/2011,13.19
9/11/2011,14.16
9/12/2011,14.17
10/1/2011,11.53
10/2/2011,12.08
10/3/2011,13.48
10/5/2011,13.09
10/6/2011,12.76
10/8/2011,10.94
10/10/2011,12.9
10/11/2011,13.93
11/1/2011,11.67
11/2/2011,11.44
11/3/2011,13.5
11/5/2011,12.99
11/7/2011,12.77
11/8/2011,10.47
11/10/2011,13.41
11/11/2011,14.03
12/1/2011,11.58
12/5/2011,13.12
12/7/2011,12.76
12/8/2011,10.61
12/9/2011,12.09
12/10/2011,13.4
12/12/2011,14.12
1/2/2012,13.73
1/3/2012,9.66
1/6/2012,2.91
1/8/2012,4.61
1/10/2012,2.82
1/11/2012,2.63
2/2/2012,13.55
2/3/2012,10.16
2/5/2012,2.53
2/7/2012,7.27
2/8/2012,4.35
2/10/2012,2.71
2/11/2012,2.98
3/1/2012,14.22
3/2/2012,13.56
3/4/2012,10.55
3/5/2012,6.91
3/7/2012,6.62
3/8/2012,4.63
3/10/2012,2.57
3/12/2012,2.62
4/1/2012,14.39
4/4/2012,10.76
4/5/2012,7.06
4/6/2012,3.1
4/7/2012,5.57
4/9/2012,5.17
4/10/2012,3.37
4/12/2012,2.77
5/1/2012,14.12
5/3/2012,11.99
5/4/2012,11.6
5/6/2012,4.44
5/7/2012,5.58
5/9/2012,4.79
5/10/2012,2.28
5/11/2012,3.32
5/12/2012,2.99
6/1/2012,14.62
6/2/2012,15.21
6/3/2012,12.21
6/4/2012,11.12
6/6/2012,3.12
6/7/2012,5.24
6/8/2012,2.58
6/9/2012,4.63
6/11/2012,3.34
6/12/2012,3.43
7/2/2012,14.96
7/3/2012,12.54
7/5/2012,7.06
7/6/2012,3.67
7/8/2012,1.99
7/9/2012,4.64
7/11/2012,3.45
7/12/2012,4.33
8/2/2012,13.83
8/3/2012,12.48
8/5/2012,7.76
8/6/2012,3.79
8/8/2012,2.05
8/10/2012,2.83
8/11/2012,2.77
9/1/2012,13.23
9/2/2012,13.93
9/3/2012,12.06
9/4/2012,11.22
9/5/2012,6.46
9/7/2012,5.11
9/8/2012,2.2
9/10/2012,2.55
9/11/2012,3.5
10/1/2012,15.18
10/2/2012,13.53
10/4/2012,11
10/5/2012,6.48
10/7/2012,4.73
10/8/2012,2.32
10/9/2012,4.93
10/10/2012,2.22
10/12/2012,4.81
11/1/2012,13.75
11/4/2012,11.05
11/5/2012,6.37
11/6/2012,3.92
11/7/2012,5.07
11/10/2012,2.38
11/12/2012,5.14
12/1/2012,15.31
12/3/2012,12.35
12/4/2012,11.16
12/6/2012,4.99
12/7/2012,5.58
12/9/2012,4.69
12/10/2012,2.68
12/11/2012,2.71
12/12/2012,5.15
1/2/2013,2.69
1/3/2013,2.46
1/4/2013,3.16
1/7/2013,1
1/8/2013,4.88
1/10/2013,3.01
1/11/2013,3.07
2/1/2013,5.37
2/4/2013,4.21
2/5/2013,3.01
2/7/2013,0.95
2/8/2013,4.55
2/10/2013,3.11
2/12/2013,3.07
3/1/2013,4.85
3/4/2013,3.86
3/5/2013,3.37
3/6/2013,1.38
3/7/2013,0.89
3/9/2013,3.44
3/10/2013,3.22
3/12/2013,2.81
4/1/2013,4.15
4/2/2013,3.7
4/3/2013,2.74
4/4/2013,3.61
4/6/2013,1.22
4/7/2013,0.84
4/9/2013,3.39
4/10/2013,2.83
4/11/2013,3.55
4/12/2013,2.47
5/2/2013,4.82
5/3/2013,2.57
5/4/2013,3.11
5/6/2013,1.14
5/7/2013,0.79
5/8/2013,4.22
5/9/2013,3.13
5/11/2013,4.47
5/12/2013,2.31
6/2/2013,5.16
6/3/2013,2.66
6/5/2013,3.28
6/6/2013,1.13
6/8/2013,3.9
6/9/2013,2.65
6/11/2013,4.18
6/12/2013,2.06
7/1/2013,3.96
7/2/2013,5.31
7/3/2013,3.02
7/5/2013,3.37
7/6/2013,0.96
7/8/2013,3.72
7/10/2013,2.56
7/11/2013,3.66
8/1/2013,3.66
8/2/2013,5.09
8/3/2013,2.95
8/4/2013,3.2
8/5/2013,3.02
8/7/2013,0.8
8/8/2013,3.63
8/10/2013,2.84
8/11/2013,3.44
9/1/2013,3.43
9/4/2013,3.09
9/5/2013,2.65
9/7/2013,0.8
9/8/2013,3.68
9/9/2013,2.47
9/10/2013,2.77
9/12/2013,2.06
10/1/2013,3.56
10/4/2013,3.25
10/5/2013,2.34
10/6/2013,0.99
10/7/2013,0.81
10/9/2013,2.42
10/10/2013,2.77
10/12/2013,2.09
11/1/2013,3.68
11/3/2013,3.26
11/4/2013,2.9
11/6/2013,0.93
11/7/2013,0.86
11/9/2013,2.41
11/10/2013,2.92
11/11/2013,4.04
11/12/2013,2.15
12/3/2013,3.14
12/4/2013,2.72
12/6/2013,0.92
12/7/2013,1.68
12/8/2013,3.77
12/9/2013,2.72
12/11/2013,4.44
12/12/2013,2.14
1/4/2014,1.95
1/7/2014,2.31
1/8/2014,2.42
1/10/2014,1.42
1/12/2014,3.14
2/1/2014,3.45
2/4/2014,2.41
2/6/2014,2.32
2/7/2014,2.11
2/10/2014,1.33
2/12/2014,3.04
3/1/2014,3.16
3/3/2014,2.04
3/4/2014,2.47
3/6/2014,2.28
3/7/2014,2.06
3/9/2014,3.39
3/10/2014,1.25
3/11/2014,1.89
3/12/2014,3.51
4/3/2014,2.62
4/4/2014,2.59
4/6/2014,1.9
4/8/2014,2.73
4/9/2014,3.17
4/11/2014,1.74
4/12/2014,3.36
5/3/2014,1.89
5/5/2014,3.29
5/6/2014,1.89
5/8/2014,2.95
5/9/2014,2.67
5/11/2014,1.69
5/12/2014,3.66
6/1/2014,3.49
6/2/2014,3.9
6/3/2014,2.01
6/5/2014,3.47
6/6/2014,1.89
6/8/2014,2.94
6/9/2014,2.68
6/10/2014,1.35
6/11/2014,1.64
7/1/2014,3.98
7/2/2014,3.45
7/3/2014,2.07
7/5/2014,3.22
7/7/2014,2.06
7/8/2014,2.98
7/10/2014,1.43
7/11/2014,1.57
8/1/2014,4.22
8/2/2014,3.4
8/4/2014,2.73
8/5/2014,2.54
8/7/2014,1.93
8/8/2014,3.1
8/9/2014,2.35
8/10/2014,1.51
8/12/2014,3.83
9/1/2014,4.33
9/5/2014,2.23
9/6/2014,1.77
9/7/2014,2.32
9/9/2014,1.97
9/10/2014,1.77
9/12/2014,4.16
10/1/2014,4.43
10/2/2014,3.22
10/3/2014,2.5
10/4/2014,2.71
10/6/2014,1.74
10/7/2014,2.33
10/10/2014,2.25
10/11/2014,1.82
10/12/2014,4.08
11/2/2014,2.38
11/3/2014,2.5
11/4/2014,2.67
11/6/2014,1.72
11/7/2014,2.54
11/8/2014,3.4
11/9/2014,1.68
11/11/2014,2.82
11/12/2014,3.79
12/2/2014,1.98
12/3/2014,2.38
12/5/2014,2.55
12/6/2014,1.77
12/8/2014,3.61
12/9/2014,1.62
12/11/2014,3.34
12/12/2014,3.03
1/4/2015,3.4
1/6/2015,1.85
1/7/2015,3.11
1/9/2015,4.11
1/10/2015,3.1
1/12/2015,3.49
2/2/2015,4.49
2/3/2015,3.78
2/4/2015,2.95
2/6/2015,2.22
2/7/2015,3.06
2/10/2015,3.15
2/11/2015,2.32
2/12/2015,3.53
3/2/2015,4.65
3/3/2015,3.66
3/4/2015,2.44
3/6/2015,2.55
3/7/2015,2.61
3/8/2015,3.22
3/9/2015,4.03
3/11/2015,1.31
3/12/2015,3.6
4/2/2015,4.45
4/3/2015,3.68
4/5/2015,4.04
4/6/2015,2.91
4/8/2015,3.9
4/9/2015,3.95
4/11/2015,1.98
4/12/2015,4.32
5/1/2015,3.65
5/2/2015,4.4
5/3/2015,3.65
5/5/2015,4.24
5/6/2015,3.06
5/8/2015,3.55
5/9/2015,3.36
5/10/2015,2.71
5/11/2015,1.61
6/1/2015,3.76
6/2/2015,4.52
6/3/2015,3.8
6/4/2015,2.56
6/5/2015,4.19
6/7/2015,2.6
6/8/2015,3.9
6/10/2015,2.87
6/11/2015,1.93
7/1/2015,3.71
7/4/2015,2.33
7/5/2015,3.78
7/7/2015,2.07
7/8/2015,3.55
7/9/2015,3.92
7/10/2015,2.79
7/11/2015,2.13
7/12/2015,4.57
8/1/2015,3.4
8/4/2015,2.81
8/5/2015,2.9
8/6/2015,2.93
8/7/2015,1.88
8/9/2015,3.79
8/10/2015,2.71
8/12/2015,4.65
9/1/2015,3.38
9/2/2015,5.01
9/3/2015,4.37
9/6/2015,3.03
9/7/2015,1.69
9/9/2015,3.77
9/10/2015,2.8
9/11/2015,2.01
9/12/2015,4.66
10/2/2015,5.01
10/3/2015,4.71
10/4/2015,4.61
10/6/2015,3.93
10/7/2015,1.69
10/8/2015,3.47
10/9/2015,3.73
10/10/2015,2.79
10/11/2015,2.31
10/12/2015,4.74
11/2/2015,4.92
11/3/2015,4.29
11/5/2015,3.04
11/6/2015,3.1
11/8/2015,3.64
11/9/2015,3.79
11/11/2015,2.19
11/12/2015,4.82
12/1/2015,3.43
12/2/2015,4.86
12/3/2015,3.91
12/5/2015,2.86
12/6/2015,4.09
12/8/2015,4.47
12/9/2015,3.79
12/10/2015,3.06
12/11/2015,1.95
12/12/2015,4.66
1/2/2016,5.38
1/3/2016,2.4
1/4/2016,4.03
1/6/2016,1.35
1/7/2016,1.57
1/8/2016,1.49
1/9/2016,0.46
1/11/2016,0.92
1/12/2016,2.77
2/2/2016,5.67
2/3/2016,2.84
2/6/2016,1.61
2/8/2016,1.37
2/11/2016,0.83
2/12/2016,2.56
3/2/2016,5.36
3/3/2016,3.25
3/6/2016,2.01
3/8/2016,1.24
3/10/2016,0.78
3/11/2016,0.77
4/1/2016,4.86
4/2/2016,5.42
4/3/2016,4.06
4/4/2016,4.35
4/5/2016,4.05
4/7/2016,1.45
4/8/2016,1.19
4/10/2016,0.8
4/11/2016,0.69
5/1/2016,4.81
5/2/2016,5.67
5/4/2016,4.33
5/5/2016,4.17
5/7/2016,1.35
5/8/2016,1.15
5/9/2016,0.59
5/10/2016,0.55
5/12/2016,2.8
6/1/2016,4.87
6/4/2016,4.47
6/5/2016,4.04
6/6/2016,2.15
6/7/2016,1.13
6/9/2016,0.58
6/10/2016,0.48
6/12/2016,3.13
7/1/2016,4.87
7/3/2016,4.61
7/4/2016,4.66
7/6/2016,1.71
7/7/2016,0.95
7/9/2016,0.51
7/10/2016,0.42
7/11/2016,0.69
7/12/2016,2.98
8/1/2016,4.71
8/3/2016,4.76
8/4/2016,4.74
8/6/2016,1.16
8/7/2016,0.98
8/8/2016,1.14
8/9/2016,0.52
8/11/2016,0.74
8/12/2016,3.12
9/1/2016,4.81
9/3/2016,4.67
9/5/2016,3.61
9/6/2016,0.78
9/8/2016,1.07
9/9/2016,0.54
9/11/2016,0.92
9/12/2016,3.28
10/3/2016,4.43
10/5/2016,3.07
10/6/2016,1.29
10/8/2016,1.1
10/10/2016,0.4
10/11/2016,1.14
11/1/2016,4.66
11/3/2016,4.19
11/4/2016,4.85
11/5/2016,2.9
11/7/2016,0.97
11/8/2016,1.08
11/10/2016,0.38
11/11/2016,1.24
12/1/2016,4.68
12/4/2016,4.86
12/5/2016,2.6
12/7/2016,1.02
12/8/2016,1.02
12/9/2016,0.51
12/12/2016,4.73
1/3/2017,3.65
1/6/2017,2.13
1/8/2017,0.58
1/9/2017,0.61
1/11/2017,0.87
1/12/2017,0.88
2/2/2017,4.12
2/3/2017,3.64
2/6/2017,2.14
2/8/2017,0.52
2/10/2017,0.84
2/11/2017,0.88
3/1/2017,4.13
3/2/2017,3.87
3/3/2017,3.25
3/4/2017,4.87
3/5/2017,4.48
3/7/2017,1.99
3/8/2017,0.48
3/10/2017,0.87
3/11/2017,0.87
4/1/2017,3.82
4/4/2017,4.71
4/5/2017,4.42
4/7/2017,1.88
4/8/2017,0.48
4/10/2017,0.85
4/12/2017,0.96
5/1/2017,3.7
5/4/2017,4.42
5/5/2017,4.46
5/6/2017,2.26
5/7/2017,1.8
5/9/2017,0.61
5/10/2017,0.79
5/12/2017,1.1
6/1/2017,4.18
6/2/2017,3.78
6/3/2017,3.56
6/6/2017,2.19
6/7/2017,1.7
6/9/2017,0.64
6/10/2017,0.78
6/11/2017,0.84
6/12/2017,1.19
7/2/2017,2.82
7/3/2017,4
7/4/2017,4.4
7/6/2017,2.05
7/7/2017,1.72
7/8/2017,0.49
7/9/2017,0.63
7/11/2017,0.87
7/12/2017,1.13
8/2/2017,2.11
8/3/2017,4.43
8/5/2017,4.45
8/6/2017,2.1
8/8/2017,0.48
8/9/2017,0.66
8/11/2017,0.91
8/12/2017,1.37
9/1/2017,4.64
9/2/2017,1.76
9/3/2017,4.44
9/5/2017,4.33
9/6/2017,2.13
9/8/2017,0.47
9/10/2017,0.8
9/11/2017,0.97
10/1/2017,4.84
10/2/2017,1.55
10/3/2017,4.63
10/4/2017,4.49
10/5/2017,4.2
10/7/2017,1.68
10/8/2017,0.45
10/10/2017,0.78
10/11/2017,0.97
11/1/2017,4.73
11/4/2017,4.76
11/5/2017,4.19
11/7/2017,1.59
11/8/2017,0.44
11/9/2017,0.64
11/10/2017,0.79
11/12/2017,1.01
12/1/2017,4.63
12/4/2017,4.49
12/5/2017,4.22
12/6/2017,2.18
12/7/2017,1.51
12/9/2017,0.72
12/10/2017,0.72
12/12/2017,0.9
1/2/2018,1.76
1/3/2018,1.18
1/6/2018,1.6
1/8/2018,1.89
1/10/2018,3.15
1/11/2018,4.69
2/1/2018,1.42
2/2/2018,1.64
2/3/2018,1.08
2/4/2018,0.84
2/5/2018,1.74
2/7/2018,0.88
2/8/2018,2
2/10/2018,3.27
2/11/2018,4.62
3/1/2018,1.43
3/4/2018,0.82
3/5/2018,1.81
3/7/2018,1
3/8/2018,2.14
3/10/2018,3.3
3/12/2018,4.78
4/1/2018,1.44
4/4/2018,0.74
4/5/2018,1.8
4/6/2018,1.63
4/7/2018,1.01
4/9/2018,4.49
4/10/2018,3.14
4/12/2018,4.8
5/1/2018,1.63
5/2/2018,1.71
5/3/2018,1.05
5/4/2018,0.72
5/6/2018,1.64
5/7/2018,1.01
5/9/2018,4.51
5/10/2018,2.91
5/11/2018,4.66
5/12/2018,4.83
6/2/2018,2.02
6/3/2018,0.93
6/4/2018,0.75
6/6/2018,1.63
6/7/2018,1.03
6/8/2018,2.27
6/9/2018,4.46
6/11/2018,4.79
6/12/2018,4.83
7/2/2018,3.1
7/3/2018,0.98
7/5/2018,1.74
7/6/2018,1.6
7/8/2018,2.72
7/9/2018,4.45
7/11/2018,4.8
7/12/2018,4.84
8/1/2018,1.66
8/2/2018,3.93
8/3/2018,1.04
8/5/2018,1.54
8/6/2018,1.51
8/8/2018,3.37
8/10/2018,2.83
8/11/2018,4.8
9/1/2018,1.82
9/2/2018,1.07
9/3/2018,1.07
9/4/2018,0.79
9/5/2018,1.35
9/7/2018,1.08
9/8/2018,4.08
9/10/2018,2.84
9/11/2018,4.76
10/1/2018,2.06
10/4/2018,0.83
10/5/2018,1.31
10/7/2018,1.1
10/8/2018,4.42
10/9/2018,4.4
10/10/2018,2.96
10/12/2018,4.86
11/1/2018,2.16
11/4/2018,0.88
11/5/2018,1.27
11/6/2018,1.51
11/7/2018,1.13
11/9/2018,4.21
11/10/2018,3.02
11/12/2018,4.88
12/1/2018,2.2
12/2/2018,4.01
12/3/2018,1.04
12/4/2018,0.85
12/6/2018,1.4
12/7/2018,1.16
12/9/2018,4.04
12/10/2018,3.01
12/11/2018,4.79
12/12/2018,4.85
1/2/2019,4.82
1/3/2019,4.12
1/4/2019,4.31
1/7/2019,4.05
1/8/2019,2.88
1/10/2019,2.2
1/11/2019,1.74
2/1/2019,4.66
2/4/2019,4.29
2/5/2019,3.31
2/7/2019,3.88
2/8/2019,2.89
2/10/2019,2.19
2/12/2019,4.28
3/1/2019,4.64
3/4/2019,4.25
3/5/2019,3.79
3/6/2019,3.29
3/7/2019,3.6
3/9/2019,4.75
3/10/2019,2.17
3/12/2019,4.21
4/1/2019,4.02
4/3/2019,4.13
4/4/2019,4.07
4/5/2019,3.97
4/6/2019,3.27
4/7/2019,3.41
4/9/2019,4.4
4/10/2019,2.1
4/11/2019,1.97
4/12/2019,4.14
5/3/2019,4.06
5/4/2019,4.07
5/6/2019,3.16
5/7/2019,3.25
5/8/2019,2.93
5/9/2019,4.08
5/11/2019,2.23
5/12/2019,4.16
6/3/2019,4.04
6/5/2019,3.93
6/6/2019,3.1
6/8/2019,3.04
6/9/2019,3.72
6/11/2019,2.11
6/12/2019,4.12
7/1/2019,3.89
7/3/2019,3.87
7/5/2019,3.88
7/6/2019,3.1
7/8/2019,3.07
7/10/2019,2.05
7/11/2019,2.05
8/1/2019,3.85
8/3/2019,3.86
8/4/2019,4.06
8/5/2019,3.72
8/7/2019,3.21
8/8/2019,3.01
8/10/2019,2.02
8/11/2019,1.72
9/1/2019,4.03
9/4/2019,4.31
9/5/2019,3.59
9/7/2019,3.22
9/8/2019,3.01
9/9/2019,3.63
9/10/2019,1.98
9/12/2019,4.09
10/1/2019,3.87
10/4/2019,4.49
10/5/2019,3.56
10/6/2019,3.17
10/7/2019,3.19
10/9/2019,3.35
10/10/2019,1.89
10/12/2019,4.15
11/1/2019,3.66
11/2/2019,4.78
11/3/2019,3.83
11/4/2019,4.25
11/6/2019,3.26
11/7/2019,3.14
11/9/2019,3.19
11/10/2019,1.8
11/11/2019,2.02
11/12/2019,4.17
12/2/2019,4.83
12/3/2019,3.83
12/4/2019,4.26
12/6/2019,3.21
12/7/2019,3.08
12/8/2019,3.06
12/9/2019,2.96
12/11/2019,1.99
12/12/2019,3.9
1/4/2020,3.27
1/6/2020,0.46
1/7/2020,0.13
1/9/2020,0.16
1/10/2020,0.11
1/12/2020,0.1
2/1/2020,2.44
2/3/2020,2.05
2/6/2020,0.38
2/7/2020,0.12
2/10/2020,0.11
2/11/2020,0.1
2/12/2020,0.1
3/1/2020,1.99
3/2/2020,3.15
3/3/2020,2.03
3/4/2020,3.53
3/6/2020,0.33
3/7/2020,0.12
3/8/2020,0.25
3/9/2020,0.16
3/11/2020,0.1
3/12/2020,0.11
4/2/2020,3.1
4/3/2020,1.99
4/5/2020,2
4/6/2020,0.27
4/8/2020,0.25
4/9/2020,0.16
4/11/2020,0.11
4/12/2020,0.11
5/2/2020,2.81
5/3/2020,1.96
5/5/2020,2.24
5/6/2020,0.25
5/8/2020,0.25
5/10/2020,0.11
5/11/2020,0.12
6/2/2020,2.6
6/3/2020,2.01
6/4/2020,3.56
6/5/2020,2.13
6/7/2020,0.13
6/8/2020,0.24
6/10/2020,0.1
6/11/2020,0.12
7/1/2020,1.31
7/2/2020,2.33
7/4/2020,3.2
7/5/2020,1.97
7/7/2020,0.13
7/8/2020,0.22
7/9/2020,0.15
7/10/2020,0.1
7/12/2020,0.11
8/1/2020,1.1
8/4/2020,2.7
8/5/2020,1.75
8/6/2020,0.23
8/7/2020,0.13
8/9/2020,0.15
8/10/2020,0.1
8/12/2020,0.11
9/1/2020,0.93
9/3/2020,2.22
9/4/2020,2.33
9/6/2020,0.2
9/7/2020,0.14
9/9/2020,0.15
9/10/2020,0.1
9/11/2020,0.11
9/12/2020,0.11
10/1/2020,0.79
10/2/2020,2.25
10/3/2020,2.37
10/4/2020,1.93
10/6/2020,0.18
10/7/2020,0.15
10/8/2020,0.22
10/9/2020,0.15
10/11/2020,0.11
10/12/2020,0.1
11/2/2020,2.29
11/3/2020,2.44
11/5/2020,1.6
11/6/2020,0.16
11/8/2020,0.21
11/9/2020,0.14
11/11/2020,0.11
11/12/2020,0.11
12/2/2020,2.21
12/3/2020,2.48
12/5/2020,1.52
12/6/2020,0.18
12/8/2020,0.19
12/10/2020,0.1
12/11/2020,0.11
1/2/2021,0.6
1/3/2021,0.4
1/4/2021,0.25
1/6/2021,1.54
1/7/2021,1.09
1/9/2021,0.5
1/10/2021,0.66
1/11/2021,0.6
1/12/2021,0.65
2/2/2021,1.68
2/3/2021,0.35
2/4/2021,0.26
2/6/2021,1.48
2/7/2021,1.03
2/8/2021,0.96
2/11/2021,0.6
2/12/2021,0.64
3/2/2021,2.52
3/3/2021,0.31
3/6/2021,1.39
3/8/2021,0.96
3/11/2021,0.66
3/12/2021,0.65
4/1/2021,0.15
4/2/2021,2.08
4/3/2021,0.29
4/5/2021,0.95
4/6/2021,1.29
4/8/2021,0.93
4/10/2021,0.65
4/11/2021,0.62
5/1/2021,0.13
5/2/2021,2.09
5/3/2021,0.28
5/4/2021,0.25
5/5/2021,1.14
5/7/2021,1
5/8/2021,0.93
5/10/2021,0.67
5/11/2021,0.62
6/1/2021,0.11
6/4/2021,0.29
6/5/2021,1.29
6/7/2021,0.95
6/8/2021,0.92
6/9/2021,0.65
6/10/2021,0.66
6/12/2021,0.61
7/1/2021,0.11
7/4/2021,0.29
7/5/2021,1.21
7/6/2021,1.16
7/7/2021,0.9
7/9/2021,0.64
7/10/2021,0.67
7/12/2021,0.63
8/1/2021,0.11
8/2/2021,2.86
8/3/2021,0.29
8/4/2021,0.3
8/6/2021,1.1
8/7/2021,0.94
8/9/2021,0.64
8/10/2021,0.67
8/11/2021,0.63
8/12/2021,0.64
9/2/2021,2.3
9/3/2021,0.29
9/4/2021,0.31
9/6/2021,1.07
9/7/2021,0.95
9/8/2021,0.9
9/9/2021,0.65
9/11/2021,0.63
9/12/2021,0.63
10/3/2021,0.29
10/5/2021,1.24
10/6/2021,1.01
10/8/2021,0.87
10/9/2021,0.63
10/11/2021,0.63
10/12/2021,0.64
11/1/2021,0.11
11/3/2021,0.28
11/5/2021,1.25
11/6/2021,0.96
11/8/2021,0.83
11/10/2021,0.66
11/11/2021,0.63
12/1/2021,0.1
12/3/2021,0.28
12/4/2021,0.4
12/5/2021,1.23
12/7/2021,0.94
12/8/2021,0.79
12/10/2021,0.67
12/11/2021,0.65
1/3/2022,2.54
1/4/2022,2.08
1/6/2022,0.48
1/7/2022,0.87
1/8/2022,4.18
1/11/2022,6.61
1/12/2022,5.42
2/3/2022,2.54
2/6/2022,0.45
2/8/2022,4.03
2/11/2022,7.12
2/12/2022,5.42
3/3/2022,2.51
3/6/2022,0.4
3/8/2022,4.1
3/10/2022,5.26
3/11/2022,6.93
4/1/2022,1.8
4/3/2022,2.47
4/4/2022,2.09
4/5/2022,1.56
4/7/2022,0.88
4/8/2022,4.16
4/10/2022,7.88
4/11/2022,6.21
5/1/2022,1.47
5/4/2022,2.1
5/5/2022,1.63
5/7/2022,0.88
5/8/2022,4.36
5/9/2022,5.21
5/10/2022,8.44
6/1/2022,1.26
6/4/2022,2.11
6/5/2022,1.7
6/6/2022,0.39
6/7/2022,0.82
6/9/2022,5.71
6/10/2022,7.86
6/12/2022,5.52
7/1/2022,1.17
7/2/2022,2.27
7/3/2022,2.4
7/4/2022,2.11
7/6/2022,0.42
7/7/2022,0.69
7/9/2022,6.88
7/10/2022,6.61
7/11/2022,6.01
7/12/2022,5.67
8/2/2022,2.59
8/3/2022,2.31
8/4/2022,2.11
8/6/2022,0.42
8/7/2022,0.68
8/8/2022,4.42
8/9/2022,5.9
8/11/2022,5.56
8/12/2022,5.64
9/2/2022,3.32
9/3/2022,2.24
9/5/2022,1.78
9/6/2022,0.38
9/8/2022,4.29
9/9/2022,4.62
9/11/2022,5.1
9/12/2022,5.61
10/1/2022,1.14
10/2/2022,3.4
10/3/2022,2.15
10/5/2022,1.91
10/6/2022,0.38
10/8/2022,3.98
10/10/2022,7.47
10/11/2022,4.88
11/1/2022,1.11
11/2/2022,3.08
11/3/2022,2.11
11/5/2022,2
11/7/2022,0.72
11/8/2022,3.3
11/10/2022,7.02
11/11/2022,4.62
12/1/2022,1.09
12/4/2022,2.11
12/5/2022,2.07
12/7/2022,0.71
12/8/2022,2.71
12/9/2022,4.29
12/10/2022,6.51
12/12/2022,5.61
1/2/2023,6.26
1/3/2023,5.97
1/6/2023,4.07
1/8/2023,0.22
1/11/2023,1.05
1/12/2023,0.17
2/2/2023,6.26
2/3/2023,6.38
2/6/2023,4.02
2/8/2023,0.22
2/10/2023,0.55
2/11/2023,0.99
3/1/2023,5.06
3/2/2023,6.21
3/3/2023,6.4
3/4/2023,2.12
3/7/2023,0.66
3/8/2023,0.22
3/10/2023,0.74
3/11/2023,0.93
4/4/2023,2.48
4/5/2023,5
4/8/2023,0.22
4/10/2023,1.13
4/12/2023,0.16
5/4/2023,3.41
5/5/2023,5.05
5/6/2023,3.92
5/7/2023,0.64
5/9/2023,0.19
5/10/2023,1.32
5/12/2023,0.16
6/1/2023,5.09
6/2/2023,6.05
6/3/2023,6.22
6/6/2023,3.75
6/7/2023,0.61
6/9/2023,0.18
6/10/2023,1.14
6/11/2023,0.93
6/12/2023,0.15
7/3/2023,6.07
7/4/2023,5.06
7/6/2023,3.51
7/7/2023,0.42
7/9/2023,0.17
7/11/2023,0.95
7/12/2023,0.15
8/2/2023,5.72
8/3/2023,5.98
8/6/2023,3.1
8/8/2023,0.21
8/11/2023,0.83
8/12/2023,0.15
9/2/2023,5.39
9/3/2023,6.22
9/5/2023,5.07
9/6/2023,2.69
9/8/2023,0.21
9/10/2023,0.95
9/11/2023,0.73
10/1/2023,5.23
10/2/2023,4.91
10/3/2023,6.22
10/4/2023,5.19
10/5/2023,4.84
10/7/2023,0.34
10/8/2023,0.2
10/10/2023,0.66
10/11/2023,0.62
11/1/2023,5.59
11/4/2023,5.22
11/5/2023,4.83
11/7/2023,0.26
11/8/2023,0.2
11/9/2023,0.17
11/10/2023,0.37
11/12/2023,0.15
12/1/2023,5.95
12/4/2023,5.32
12/5/2023,4.88
12/6/2023,2.4
12/7/2023,0.21
12/9/2023,0.16
12/12/2023,0.15
1/2/2024,1.05
1/4/2024,3.45
2/1/2024,0.95
2/2/2024,1.37
2/4/2024,4.36
2/5/2024,4.48
3/1/2024,0.46
3/4/2024,4.59
3/5/2024,4.36
4/1/2024,0.23
4/3/2024,1.48
4/4/2024,3.9
5/1/2024,0.19
5/3/2024,1.49
5/4/2024,2.69
6/2/2024,2.38
6/3/2024,1.49
6/5/2024,4.28
7/2/2024,2.38
7/3/2024,1.17
8/1/2024,0.16
8/3/2024,0.77
8/4/2024,2.66
8/5/2024,4.22
9/1/2024,0.15
9/5/2024,4.22
10/1/2024,0.15
10/4/2024,3.93
11/1/2024,0.15
11/3/2024,0.76
11/4/2024,3.85
12/1/2024,0.15
12/3/2024,1.47
12/4/2024,4.18
13/01/2009,4.37
13/01/2010,8.04
13/01/2011,11.38
13/01/2012,15.08
13/01/2014,4.69
13/01/2015,3.51
13/01/2016,4.68
13/01/2017,4.72
13/01/2020,0.75
13/01/2021,0.1
13/01/2022,1.04
13/02/2007,6.35
13/02/2008,9.35
13/02/2009,6.08
13/02/2012,11.92
13/02/2014,1.73
13/02/2015,4.48
13/02/2017,2.18
13/02/2018,4.01
13/02/2019,4.72
13/02/2020,2.05
13/02/2023,4.55
13/03/2007,4.55
13/03/2008,5.14
13/03/2009,6.34
13/03/2012,12.26
13/03/2013,3.19
13/03/2014,2.09
13/03/2015,3.92
13/03/2017,4.76
13/03/2018,0.99
13/03/2019,3.72
13/03/2020,2.33
13/03/2023,6.17
13/03/2024,1.47
13/04/2007,4.41
13/04/2009,6.29
13/04/2010,7.02
13/04/2011,13.17
13/04/2012,8.09
13/04/2015,4.83
13/04/2016,4.74
13/04/2017,4.32
13/04/2018,0.92
13/04/2020,1.74
13/04/2021,0.43
13/04/2022,2.12
13/04/2023,5.49
13/05/2008,16.55
13/05/2009,5.59
13/05/2010,7.21
13/05/2011,13.12
13/05/2013,1.93
13/05/2014,3.42
13/05/2015,3.03
13/05/2016,2.45
13/05/2019,3.56
13/05/2020,1.38
13/05/2021,1.24
13/05/2022,2.05
13/06/2007,7.16
13/06/2008,18.16
13/06/2011,12.8
13/06/2012,5.38
13/06/2013,0.88
13/06/2014,1.79
13/06/2016,1.43
13/06/2017,2.15
13/06/2018,1.37
13/06/2019,3.16
13/06/2022,0.37
13/06/2023,2.02
13/07/2007,3.85
13/07/2009,5.19
13/07/2010,6.55
13/07/2011,12.82
13/07/2012,4.67
13/07/2015,1.72
13/07/2016,0.98
13/07/2018,1.21
13/07/2020,0.15
13/07/2021,0.93
13/07/2022,0.73
13/07/2023,0.16
13/08/2007,3.5
13/08/2008,16.22
13/08/2009,6.91
13/08/2010,6.24
13/08/2012,2.33
13/08/2013,3.96
13/08/2014,3.75
13/08/2015,4.98
13/08/2016,1.02
13/08/2018,4.24
13/08/2019,3.03
13/08/2020,0.18
13/08/2021,0.77
13/09/2007,5.65
13/09/2010,7.03
13/09/2011,12.53
13/09/2012,4.48
13/09/2013,2.81
13/09/2016,0.51
13/09/2017,0.72
13/09/2018,3.88
13/09/2019,2.84
13/09/2021,0.64
13/09/2022,4.2
13/09/2023,0.16
13/10/2008,13.4
13/10/2009,6.84
13/10/2010,7.07
13/10/2011,13.59
13/10/2014,2.79
13/10/2015,3.15
13/10/2017,0.72
13/10/2020,0.1
13/10/2021,0.66
13/10/2022,5.48
13/10/2023,0.35
13/11/2007,5.64
13/11/2008,8.91
13/11/2009,7.93
13/11/2012,2.58
13/11/2013,4.7
13/11/2014,3.13
13/11/2015,1.84
13/11/2017,1.08
13/11/2018,4.84
13/11/2019,1.9
13/11/2020,0.11
13/11/2023,0.52
13/12/2007,6.14
13/12/2010,13.1
13/12/2011,13.48
13/12/2012,4.15
13/12/2013,2.11
13/12/2016,4.73
13/12/2017,0.83
13/12/2018,4.82
13/12/2019,3.65
13/12/2021,0.65
13/12/2022,5.62
13/12/2023,0.15
14/01/2008,8.2
14/01/2010,7.94
14/01/2011,11.19
14/01/2013,3.63
14/01/2014,4.87
14/01/2015,3.44
14/01/2016,4.71
14/01/2019,3.59
14/01/2020,0.74
14/01/2021,0.1
14/01/2022,0.98
14/02/2007,6.16
14/02/2008,13.13
14/02/2011,11.69
14/02/2012,12.33
14/02/2014,1.65
14/02/2015,3.96
14/02/2017,3.69
14/02/2019,4.49
14/02/2020,2
14/02/2022,2.95
14/02/2023,4.05
14/03/2007,4.29
14/03/2008,5.62
14/03/2011,13.47
14/03/2012,12.45
14/03/2013,3.11
14/03/2014,1.55
14/03/2016,4.23
14/03/2017,4.84
14/03/2018,0.94
14/03/2019,3.41
14/03/2022,2.13
14/03/2023,5.72
14/03/2024,1.21
14/04/2008,12.6
14/04/2009,6.47
14/04/2010,7.07
14/04/2011,13.25
14/04/2014,2.83
14/04/2015,4.79
14/04/2016,4.68
14/04/2017,4.28
14/04/2020,1.7
14/04/2021,0.41
14/04/2022,2.11
14/05/2007,4.07
14/05/2008,14.9
14/05/2009,5.51
14/05/2010,7
14/05/2012,5.2
14/05/2013,1.68
14/05/2014,3.15
14/05/2015,2.84
14/05/2018,1.19
14/05/2019,3.47
14/05/2020,1.26
14/05/2021,1.22
14/06/2007,7.42
14/06/2010,6.39
14/06/2011,12.72
14/06/2012,5.81
14/06/2013,0.87
14/06/2016,1.36
14/06/2017,2.09
14/06/2018,1.2
14/06/2019,3.09
14/06/2021,0.96
14/06/2022,0.36
14/06/2023,1.65
14/07/2008,20.05
14/07/2009,5.57
14/07/2010,6.44
14/07/2011,12.76
14/07/2014,2.7
14/07/2015,1.78
14/07/2016,1.03
14/07/2017,1.44
14/07/2020,0.14
14/07/2021,0.92
14/07/2022,0.76
14/07/2023,0.14
14/08/2007,3.42
14/08/2008,16.07
14/08/2009,6.7
14/08/2012,2.4
14/08/2013,4.18
14/08/2014,3.62
14/08/2015,4.81
14/08/2017,0.56
14/08/2018,4.41
14/08/2019,2.98
14/08/2020,0.18
14/08/2023,0.19
14/09/2007,6.26
14/09/2009,6.75
14/09/2010,6.93
14/09/2011,12.34
14/09/2012,4.51
14/09/2015,3.69
14/09/2016,0.43
14/09/2017,0.73
14/09/2018,3.1
14/09/2020,0.14
14/09/2021,0.64
14/09/2022,4.17
14/09/2023,0.16
14/10/2008,13.1
14/10/2009,6.84
14/10/2010,7.03
14/10/2011,13.89
14/10/2013,3.06
14/10/2014,2.96
14/10/2015,3.27
14/10/2016,0.38
14/10/2019,1.76
14/10/2020,0.1
14/10/2021,0.65
14/10/2022,4.92
14/11/2007,6.82
14/11/2008,8.27
14/11/2009,4.67
14/11/2011,13.19
14/11/2012,2.27
14/11/2013,4.26
14/11/2014,3.21
14/11/2016,1.51
14/11/2017,1.09
14/11/2018,4.84
14/11/2019,1.82
14/11/2023,0.36
14/12/2007,5.65
14/12/2009,10.39
14/12/2010,12.68
14/12/2011,14.67
14/12/2012,2.66
14/12/2015,4.78
14/12/2016,4.35
14/12/2018,4.82
14/12/2020,0.11
14/12/2021,0.65
14/12/2022,5.38
14/12/2023,0.16
15/01/2007,7.56
15/01/2008,7.86
15/01/2010,7.72
15/01/2014,4.63
15/01/2015,3.5
15/01/2016,4.66
15/01/2018,2.13
15/01/2019,3.58
15/01/2020,0.71
15/01/2021,0.11
15/02/2007,5.59
15/02/2008,21.28
15/02/2011,10.96
15/02/2012,13.37
15/02/2016,5.2
15/02/2017,3.69
15/02/2019,4.4
15/02/2022,2.89
15/02/2024,1.31
15/03/2007,4
15/03/2010,7.23
15/03/2011,13.43
15/03/2012,10.1
15/03/2013,3.16
15/03/2016,4.29
15/03/2017,4.77
15/03/2018,0.95
15/03/2019,3.26
15/03/2021,0.29
15/03/2022,2.18
15/03/2023,5.06
15/03/2024,0.79
15/04/2009,6.32
15/04/2010,6.9
15/04/2011,13.23
15/04/2013,2.82
15/04/2014,2.27
15/04/2015,4.51
15/04/2016,4.65
15/04/2020,1.77
15/04/2021,0.41
15/04/2022,2.11
15/04/2024,4.7
15/05/2007,3.82
15/05/2008,13.01
15/05/2009,5.52
15/05/2012,5.96
15/05/2013,1.56
15/05/2014,3.35
15/05/2015,2.79
15/05/2017,4.2
15/05/2018,1.16
15/05/2019,3.3
15/05/2020,1.19
15/05/2023,4.92
15/06/2007,7.46
15/06/2009,5.41
15/06/2010,6.42
15/06/2011,12.46
15/06/2012,5.45
15/06/2015,4
15/06/2016,1.27
15/06/2017,2.15
15/06/2018,1.07
15/06/2020,0.17
15/06/2021,0.98
15/06/2022,0.37
15/06/2023,1.3
15/07/2008,20.44
15/07/2009,5.4
15/07/2010,6.46
15/07/2011,12.87
15/07/2013,2.92
15/07/2014,3.01
15/07/2015,1.79
15/07/2016,1.03
15/07/2019,3.09
15/07/2020,0.14
15/07/2021,0.93
15/07/2022,0.83
15/08/2007,3.25
15/08/2008,15.23
15/08/2011,10.56
15/08/2012,2.46
15/08/2013,4.33
15/08/2014,3.5
15/08/2016,1
15/08/2017,0.55
15/08/2018,4.54
15/08/2019,2.95
15/08/2022,2.27
15/08/2023,0.2
15/09/2008,15.35
15/09/2009,6.72
15/09/2010,6.72
15/09/2011,12.46
15/09/2014,1.77
15/09/2015,4.28
15/09/2016,0.39
15/09/2017,0.75
15/09/2020,0.14
15/09/2021,0.66
15/09/2022,4.21
15/09/2023,0.15
15/10/2007,5.26
15/10/2008,12.17
15/10/2009,6.9
15/10/2010,6.68
15/10/2012,2.89
15/10/2013,3.12
15/10/2014,2.9
15/10/2015,3.16
15/10/2018,3.19
15/10/2019,1.72
15/10/2020,0.1
15/10/2021,0.65
15/11/2007,8.71
15/11/2010,11.68
15/11/2011,13.82
15/11/2012,2.06
15/11/2013,3.94
15/11/2016,1.68
15/11/2017,1.12
15/11/2018,4.73
15/11/2019,1.73
15/11/2021,0.65
15/11/2022,4.2
15/11/2023,0.26
15/12/2008,7.08
15/12/2009,10.43
15/12/2010,12.05
15/12/2011,14.32
15/12/2014,2.57
15/12/2015,4.78
15/12/2016,4.42
15/12/2017,0.69
15/12/2020,0.1
15/12/2021,0.64
15/12/2022,5.19
15/12/2023,0.15
16/01/2007,7.37
16/01/2008,8.17
16/01/2009,4.91
16/01/2012,15.17
16/01/2013,2.99
16/01/2014,4.23
16/01/2015,3.53
16/01/2016,4.68
16/01/2017,4.69
16/01/2018,2.08
16/01/2019,3.55
16/01/2020,0.82
16/01/2023,6.48
16/01/2024,0.15
16/02/2009,6.17
16/02/2011,10.35
16/02/2012,13.26
16/02/2016,4.72
16/02/2017,4.14
16/02/2022,2.9
16/02/2023,4.71
16/02/2024,1.04
16/03/2007,4.35
16/03/2009,6.41
16/03/2010,7.29
16/03/2011,13.47
16/03/2012,11.37
16/03/2015,3.98
16/03/2016,4.3
16/03/2018,0.98
16/03/2020,2.24
16/03/2021,0.28
16/03/2022,2.19
16/03/2023,4.14
16/04/2007,4.39
16/04/2008,12.37
16/04/2009,6.29
16/04/2010,6.74
16/04/2012,8.3
16/04/2013,2.82
16/04/2014,1.94
16/04/2015,4.19
16/04/2018,0.99
16/04/2019,4.2
16/04/2020,1.63
16/04/2021,0.43
16/04/2024,4.94
16/05/2007,4.17
16/05/2008,12.22
16/05/2011,13.01
16/05/2012,5.38
16/05/2013,1.41
16/05/2014,3.47
16/05/2016,1.92
16/05/2017,4.18
16/05/2018,1.17
16/05/2019,3.12
16/05/2022,1.98
16/05/2023,4.94
16/06/2008,17.6
16/06/2009,5.4
16/06/2010,5.66
16/06/2011,11.61
16/06/2014,1.83
16/06/2015,3.59
16/06/2016,1.01
16/06/2017,2.14
16/06/2020,0.17
16/06/2021,0.97
16/06/2022,0.37
16/06/2023,0.94
16/07/2007,3.71
16/07/2008,20.56
16/07/2009,5.62
16/07/2010,6.39
16/07/2012,6.93
16/07/2013,3.87
16/07/2014,2.8
16/07/2015,1.71
16/07/2018,1.36
16/07/2019,3.07
16/07/2020,0.13
16/07/2021,0.93
16/08/2007,3.28
16/08/2010,6.53
16/08/2011,10.61
16/08/2012,3
16/08/2013,4.53
16/08/2016,1.05
16/08/2017,0.57
16/08/2018,4.62
16/08/2019,2.95
16/08/2021,0.75
16/08/2022,1.99
16/08/2023,0.21
16/09/2008,14.64
16/09/2009,6.77
16/09/2010,6.19
16/09/2011,11.96
16/09/2013,2.53
16/09/2014,1.7
16/09/2015,4.37
16/09/2016,0.52
16/09/2019,2.59
16/09/2020,0.13
16/09/2021,0.64
16/09/2022,4.25
16/10/2007,5.24
16/10/2008,12.1
16/10/2009,6.63
16/10/2012,3.66
16/10/2013,3.17
16/10/2014,2.58
16/10/2015,3.09
16/10/2017,0.76
16/10/2018,3.26
16/10/2019,1.69
16/10/2020,0.1
16/10/2023,0.71
16/11/2007,9.11
16/11/2009,8.05
16/11/2010,10.36
16/11/2011,13.65
16/11/2012,1.93
16/11/2016,1.94
16/11/2017,1.21
16/11/2018,4.74
16/11/2020,0.11
16/11/2021,0.63
16/11/2022,4.63
16/11/2023,0.21
16/12/2008,7.07
16/12/2009,9.82
16/12/2010,10.62
16/12/2011,14.41
16/12/2013,2.09
16/12/2014,2.71
16/12/2015,4.66
16/12/2016,4.42
16/12/2019,3.38
16/12/2020,0.1
16/12/2021,0.75
16/12/2022,4.62
17/01/2007,7.32
17/01/2008,8.09
17/01/2011,11.41
17/01/2012,15.04
17/01/2013,2.55
17/01/2014,3.63
17/01/2017,4.72
17/01/2018,1.86
17/01/2019,3.38
17/01/2020,2.58
17/01/2022,1.02
17/01/2023,6.34
17/01/2024,0.15
17/02/2009,6.27
17/02/2011,10.15
17/02/2012,10.76
17/02/2014,1.59
17/02/2016,3.88
17/02/2017,4.85
17/02/2020,1.91
17/02/2021,2.11
17/02/2022,2.74
17/03/2008,7.88
17/03/2009,6.25
17/03/2010,7.35
17/03/2011,13.49
17/03/2014,1.3
17/03/2015,4.04
17/03/2016,3.7
17/03/2017,4.42
17/03/2020,2.11
17/03/2021,0.28
17/03/2022,2.19
17/03/2023,3.4
17/04/2007,4.7
17/04/2008,13.51
17/04/2009,5.8
17/04/2012,8.01
17/04/2013,2.84
17/04/2014,1.73
17/04/2015,4.21
17/04/2017,4.36
17/04/2018,1.32
17/04/2019,4.33
17/04/2020,1.59
17/04/2023,5.52
17/04/2024,4.95
17/05/2007,4.03
17/05/2010,7.11
17/05/2011,12.86
17/05/2012,4.9
17/05/2013,1.13
17/05/2016,1.53
17/05/2017,4.1
17/05/2018,1.16
17/05/2019,3.08
17/05/2021,1.2
17/05/2022,1.91
17/06/2008,16.44
17/06/2009,5.03
17/06/2010,6.53
17/06/2011,11.17
17/06/2013,0.83
17/06/2014,2.07
17/06/2015,2.88
17/06/2016,0.92
17/06/2019,3.11
17/06/2020,0.17
17/06/2021,0.95
17/06/2022,0.37
17/07/2007,3.9
17/07/2008,20.58
17/07/2009,5.78
17/07/2012,6.95
17/07/2013,4.29
17/07/2014,2.62
17/07/2015,1.6
17/07/2017,1.39
17/07/2018,1.63
17/07/2019,3.06
17/07/2020,0.14
17/07/2023,0.15
17/08/2009,7.05
17/08/2010,6.53
17/08/2011,10.63
17/08/2012,4.22
17/08/2015,4.85
17/08/2016,0.89
17/08/2017,0.55
17/08/2018,4.64
17/08/2020,0.19
17/08/2021,0.73
17/08/2022,2.05
17/08/2023,0.2
17/09/2007,6.17
17/09/2008,14.16
17/09/2009,6.64
17/09/2010,6.22
17/09/2012,3.95
17/09/2013,2.41
17/09/2014,1.61
17/09/2015,4.37
17/09/2018,2.61
17/09/2019,2.49
17/09/2020,0.11
17/09/2021,0.64
17/10/2007,5.3
17/10/2008,10.98
17/10/2011,13.75
17/10/2012,3.86
17/10/2013,3.15
17/10/2014,2.41
17/10/2015,3.16
17/10/2016,0.38
17/10/2017,0.71
17/10/2018,3.22
17/10/2019,1.69
17/10/2022,4.1
17/10/2023,0.76
17/11/2008,8.68
17/11/2009,8.07
17/11/2010,9.33
17/11/2011,13.57
17/11/2014,3.25
17/11/2015,2.3
17/11/2016,2.02
17/11/2017,1.24
17/11/2020,0.11
17/11/2021,0.65
17/11/2022,5.18
17/11/2023,0.18
17/12/2007,5.45
17/12/2008,6.84
17/12/2009,9.67
17/12/2010,9.88
17/12/2012,2.31
17/12/2013,2.04
17/12/2014,2.33
17/12/2015,4.63
17/12/2018,4.77
17/12/2019,3.14
17/12/2020,0.1
17/12/2021,0.85
18/01/2007,7.09
18/01/2008,8.02
18/01/2010,8.19
18/01/2011,11.23
18/01/2012,14.87
18/01/2013,1.96
18/01/2016,4.64
18/01/2017,4.81
18/01/2018,1.81
18/01/2019,4.52
18/01/2021,0.11
18/01/2022,1
18/01/2024,0.14
18/02/2008,21.48
18/02/2009,6.18
18/02/2011,10.39
18/02/2013,5.4
18/02/2014,1.54
18/02/2016,3.24
18/02/2019,4.32
18/02/2020,1.88
18/02/2021,1.34
18/02/2022,2.54
18/03/2008,7.08
18/03/2009,6.27
18/03/2010,7.05
18/03/2011,13.48
18/03/2013,2.96
18/03/2014,1.3
18/03/2015,4.17
18/03/2016,3.69
18/03/2019,3.13
18/03/2020,2.02
18/03/2021,0.27
18/03/2022,2.2
18/03/2024,0.5
18/04/2007,4.73
18/04/2008,12.23
18/04/2011,13.25
18/04/2012,7.97
18/04/2013,2.37
18/04/2014,1.44
18/04/2017,4.37
18/04/2018,1.32
18/04/2019,4.08
18/04/2022,2.11
18/04/2023,5.3
18/05/2007,4.2
18/05/2009,5.56
18/05/2010,6.86
18/05/2011,12.77
18/05/2012,5.08
18/05/2015,2.88
18/05/2016,1.26
18/05/2017,3.88
18/05/2018,1.2
18/05/2020,1.02
18/05/2021,1.22
18/05/2022,1.75
18/05/2023,4.64
18/06/2007,7.42
18/06/2008,16.03
18/06/2009,5.49
18/06/2010,6.55
18/06/2012,5.69
18/06/2013,0.89
18/06/2014,2.28
18/06/2015,2.62
18/06/2018,1
18/06/2019,3.12
18/06/2020,0.15
18/06/2021,0.99
18/07/2007,3.59
18/07/2008,19.45
18/07/2011,12.38
18/07/2012,6.51
18/07/2013,4.43
18/07/2014,2.76
18/07/2016,1.04
18/07/2017,1.31
18/07/2018,1.9
18/07/2019,2.93
18/07/2022,0.96
18/08/2008,16.81
18/08/2009,7.22
18/08/2010,6.58
18/08/2011,10.25
18/08/2014,3.43
18/08/2015,4.98
18/08/2016,0.85
18/08/2017,0.62
18/08/2020,0.2
18/08/2021,0.71
18/08/2022,2.43
18/09/2007,6.38
18/09/2008,13.88
18/09/2009,6.24
18/09/2012,3.59
18/09/2013,2.41
18/09/2014,1.54
18/09/2015,3.67
18/09/2017,0.76
18/09/2018,2.56
18/09/2019,2.39
18/09/2020,0.11
18/09/2023,0.15
18/10/2007,5.26
18/10/2010,7.11
18/10/2011,14.45
18/10/2012,4.12
18/10/2013,3.28
18/10/2016,0.38
18/10/2017,0.67
18/10/2018,3.21
18/10/2019,1.71
18/10/2021,0.66
18/10/2022,3.23
18/10/2023,0.78
18/11/2008,8.51
18/11/2009,8.07
18/11/2010,9.35
18/11/2011,13.57
18/11/2013,3.64
18/11/2014,3.37
18/11/2015,2.24
18/11/2016,1.68
18/11/2019,1.72
18/11/2020,0.11
18/11/2021,0.64
18/11/2022,5.4
18/12/2007,5.29
18/12/2008,7.11
18/12/2009,9.48
18/12/2012,1.99
18/12/2013,2.08
18/12/2014,3.06
18/12/2015,4.64
18/12/2017,0.78
18/12/2018,4.78
18/12/2019,2.8
18/12/2020,0.11
18/12/2023,0.15
19/01/2007,7.01
19/01/2009,4.83
19/01/2010,7.98
19/01/2011,11.35
19/01/2012,15.27
19/01/2015,3.54
19/01/2016,4.73
19/01/2017,4.84
19/01/2018,1.71
19/01/2021,0.1
19/01/2022,0.98
19/01/2023,6.09
19/01/2024,0.14
19/02/2008,20
19/02/2009,6.76
19/02/2013,3.6
19/02/2014,1.42
19/02/2016,2.38
19/02/2019,4.16
19/02/2020,1.9
19/02/2021,0.66
19/02/2024,1.41
19/03/2007,4.08
19/03/2008,6.36
19/03/2009,6.28
19/03/2010,6.98
19/03/2012,10.82
19/03/2013,2.67
19/03/2014,1.4
19/03/2015,3.76
19/03/2018,0.94
19/03/2019,3.07
19/03/2020,1.95
19/03/2021,0.26
19/04/2007,4.43
19/04/2008,13.42
19/04/2010,6.81
19/04/2011,13.07
19/04/2012,7.12
19/04/2016,4.7
19/04/2017,4.31
19/04/2018,1.3
19/04/2019,3.89
19/04/2021,0.43
19/04/2022,2.05
19/04/2023,4.48
19/04/2024,3.93
19/05/2008,13.16
19/05/2010,6.68
19/05/2011,12.43
19/05/2014,3.56
19/05/2015,2.63
19/05/2016,0.97
19/05/2017,3.79
19/05/2020,0.88
19/05/2021,1.22
19/05/2022,1.57
19/05/2023,4.49
19/06/2007,7.14
19/06/2008,16.51
19/06/2009,5.26
19/06/2012,5.49
19/06/2013,0.87
19/06/2014,2.24
19/06/2015,2.52
19/06/2017,2.22
19/06/2018,0.84
19/06/2019,3.12
19/06/2020,0.13
19/06/2023,0.73
19/07/2007,3.2
19/07/2010,6.44
19/07/2011,12.69
19/07/2012,6.57
19/07/2013,5.08
19/07/2016,1.09
19/07/2017,1.13
19/07/2018,2.22
19/07/2019,2.78
19/07/2021,0.95
19/07/2022,1.15
19/07/2023,0.34
19/08/2008,16.6
19/08/2009,7.46
19/08/2010,6.51
19/08/2011,10.93
19/08/2013,4.46
19/08/2014,3.54
19/08/2015,4.96
19/08/2016,0.72
19/08/2019,3.01
19/08/2020,0.2
19/08/2021,0.69
19/08/2022,2.49
19/09/2007,6.13
19/09/2008,13.91
19/09/2011,12.14
19/09/2012,3.34
19/09/2013,2.34
19/09/2014,1.54
19/09/2016,0.36
19/09/2017,0.81
19/09/2018,2.55
19/09/2019,2.21
19/09/2022,4.26
19/09/2023,0.15
19/10/2007,4.99
19/10/2009,7.07
19/10/2010,7.17
19/10/2011,14.23
19/10/2012,4.29
19/10/2015,3
19/10/2016,0.37
19/10/2017,0.66
19/10/2018,3.23
19/10/2020,0.1
19/10/2021,0.64
19/10/2022,3.03
19/10/2023,0.79
19/11/2007,9.33
19/11/2008,8.75
19/11/2009,7.88
19/11/2010,9.08
19/11/2012,1.83
19/11/2013,3.35
19/11/2014,3.22
19/11/2015,2.15
19/11/2018,4.72
19/11/2019,2.1
19/11/2020,0.11
19/11/2021,0.63
19/12/2007,5.63
19/12/2008,7.52
19/12/2011,14.62
19/12/2012,1.72
19/12/2013,2.08
19/12/2014,2.3
19/12/2015,4.66
19/12/2016,4.34
19/12/2017,0.76
19/12/2018,4.71
19/12/2019,2.45
19/12/2022,4.34
19/12/2023,0.16
20/01/2009,5.35
20/01/2010,8.38
20/01/2011,11.73
20/01/2012,13.5
20/01/2014,3.31
20/01/2015,3.45
20/01/2016,4.77
20/01/2017,4.94
20/01/2020,2.89
20/01/2021,0.1
20/01/2022,1
20/02/2008,17.53
20/02/2009,6.74
20/02/2012,11.75
20/02/2013,2.63
20/02/2014,1.48
20/02/2017,4.91
20/02/2019,4.14
20/02/2020,2.07
20/02/2023,4.54
20/02/2024,2.15
20/03/2007,3.69
20/03/2008,5.42
20/03/2009,6.59
20/03/2012,10.98
20/03/2013,2.68
20/03/2014,1.58
20/03/2017,4.79
20/03/2018,0.91
20/03/2019,3.09
20/03/2020,1.86
20/03/2023,2.7
20/03/2024,0.16
20/04/2007,4.43
20/04/2008,6.18
20/04/2010,6.79
20/04/2011,13.11
20/04/2012,6.45
20/04/2015,4.78
20/04/2016,4.8
20/04/2017,4.66
20/04/2018,1.42
20/04/2020,1.75
20/04/2021,0.44
20/04/2022,1.85
20/04/2023,3.78
20/05/2008,13.02
20/05/2009,5.91
20/05/2010,6.71
20/05/2011,12.33
20/05/2013,1.02
20/05/2014,3.55
20/05/2015,2.04
20/05/2016,0.83
20/05/2019,3.15
20/05/2020,0.6
20/05/2021,1.24
20/05/2022,1.32
20/06/2007,7.09
20/06/2008,15.91
20/06/2011,11.07
20/06/2012,5.63
20/06/2013,1.37
20/06/2014,2.29
20/06/2016,1.18
20/06/2017,2.31
20/06/2018,0.77
20/06/2019,3.11
20/06/2022,0.38
20/06/2023,0.55
20/07/2007,3.37
20/07/2009,5.88
20/07/2010,6.53
20/07/2011,12.83
20/07/2012,6.51
20/07/2015,1.61
20/07/2016,1.13
20/07/2017,0.86
20/07/2018,3.18
20/07/2020,0.15
20/07/2021,0.95
20/07/2022,1.4
20/07/2023,0.25
20/08/2007,3.52
20/08/2008,16.54
20/08/2009,7.22
20/08/2010,6.45
20/08/2012,4.1
20/08/2013,4.53
20/08/2014,3.76
20/08/2015,4.92
20/08/2018,4.58
20/08/2019,3.05
20/08/2020,0.19
20/08/2021,0.66
20/09/2007,6.1
20/09/2010,6.55
20/09/2011,12.21
20/09/2012,3.19
20/09/2013,2.4
20/09/2015,4.28
20/09/2016,0.37
20/09/2017,0.87
20/09/2018,2.34
20/09/2019,2.16
20/09/2021,0.64
20/09/2022,4.61
20/09/2023,0.16
20/10/2008,11.64
20/10/2009,7.22
20/10/2010,7.23
20/10/2011,12.99
20/10/2014,2.77
20/10/2015,2.77
20/10/2016,0.38
20/10/2017,0.64
20/10/2020,0.11
20/10/2021,0.65
20/10/2022,4.04
20/10/2023,1.47
20/11/2007,12.67
20/11/2008,7.71
20/11/2009,7.43
20/11/2012,2.22
20/11/2013,3.17
20/11/2014,3.12
20/11/2015,2.07
20/11/2017,1.48
20/11/2018,4.77
20/11/2019,2.35
20/11/2020,0.11
20/12/2007,6.77
20/12/2010,10.19
20/12/2011,14.21
20/12/2012,2.28
20/12/2013,2.39
20/12/2016,4.14
20/12/2017,0.77
20/12/2018,4.61
20/12/2019,2.02
20/12/2021,0.91
20/12/2022,4.04
20/12/2023,0.18
21/01/2008,8.76
21/01/2009,6.23
21/01/2010,8.77
21/01/2011,12.25
21/01/2013,2.14
21/01/2014,3.68
21/01/2015,3.25
21/01/2016,4.75
21/01/2019,4.68
21/01/2020,3.16
21/01/2021,0.1
21/01/2022,1.03
21/02/2008,17.42
21/02/2011,10.87
21/02/2012,13.82
21/02/2013,2.33
21/02/2014,1.29
21/02/2017,4.74
21/02/2018,3.78
21/02/2019,4.05
21/02/2020,2.09
21/02/2022,2.52
21/02/2023,4.81
21/02/2024,4.14
21/03/2007,3.72
21/03/2008,4.48
21/03/2011,13.49
21/03/2012,11.01
21/03/2013,2.82
21/03/2014,1.64
21/03/2016,3.63
21/03/2017,5.07
21/03/2018,0.77
21/03/2019,3.16
21/03/2022,2.17
21/03/2023,2.05
21/04/2008,13.58
21/04/2009,5.96
21/04/2010,6.93
21/04/2011,13.41
21/04/2014,1.79
21/04/2016,4.86
21/04/2017,4.83
21/04/2020,2.49
21/04/2022,1.51
21/04/2023,3.29
21/05/2007,3.88
21/05/2008,12.79
21/05/2009,5.87
21/05/2010,6.52
21/05/2012,5.88
21/05/2013,1.02
21/05/2014,3.49
21/05/2015,1.74
21/05/2018,1.31
21/05/2019,3.14
21/05/2020,0.47
21/05/2021,1.21
21/06/2007,6.48
21/06/2010,6.47
21/06/2011,12.44
21/06/2012,5.72
21/06/2013,0.82
21/06/2016,1.05
21/06/2017,2.45
21/06/2018,0.73
21/06/2019,3.12
21/06/2021,1.1
21/06/2022,0.38
21/06/2023,0.55
21/07/2008,19.94
21/07/2009,6.17
21/07/2010,6.71
21/07/2011,12.78
21/07/2014,2.79
21/07/2015,1.57
21/07/2016,1.15
21/07/2017,0.63
21/07/2020,0.15
21/07/2021,0.95
21/07/2022,2.16
21/07/2023,0.19
21/08/2007,3.5
21/08/2008,16.34
21/08/2009,7.12
21/08/2012,5.2
21/08/2013,4.34
21/08/2014,3.88
21/08/2015,4.94
21/08/2017,0.57
21/08/2018,4.6
21/08/2019,3.1
21/08/2020,0.19
21/08/2023,0.19
21/09/2007,6.39
21/09/2009,6.88
21/09/2010,6.58
21/09/2011,12.21
21/09/2012,3.39
21/09/2015,4.37
21/09/2016,0.37
21/09/2017,0.87
21/09/2018,2.25
21/09/2020,0.11
21/09/2021,0.68
21/09/2022,4.68
21/09/2023,0.14
21/10/2008,10.37
21/10/2009,7.35
21/10/2010,7.64
21/10/2011,12.03
21/10/2013,3.37
21/10/2014,3.22
21/10/2015,3.27
21/10/2016,0.44
21/10/2019,1.7
21/10/2020,0.1
21/10/2021,0.64
21/10/2022,4.64
21/11/2007,9.17
21/11/2008,7.63
21/11/2011,13.7
21/11/2012,1.94
21/11/2013,3.2
21/11/2014,3.19
21/11/2016,1.51
21/11/2017,1.37
21/11/2018,4.79
21/11/2019,3.34
21/11/2022,5.87
21/11/2023,0.15
21/12/2007,6.14
21/12/2009,10.12
21/12/2010,10.99
21/12/2011,14.72
21/12/2012,1.83
21/12/2015,4.63
21/12/2016,3.86
21/12/2017,0.79
21/12/2018,4.55
21/12/2020,0.11
21/12/2021,1.05
21/12/2022,3.94
21/12/2023,0.18
22/01/2007,7.06
22/01/2008,9.45
22/01/2009,7.84
22/01/2010,9.07
22/01/2013,1.98
22/01/2014,4.77
22/01/2015,2.99
22/01/2016,4.82
22/01/2018,1.88
22/01/2019,4.84
22/01/2020,3.15
22/01/2021,0.1
22/01/2024,0.13
22/02/2007,6.36
22/02/2008,16.58
22/02/2010,11.04
22/02/2011,11.58
22/02/2012,13.6
22/02/2013,2.25
22/02/2016,2.14
22/02/2017,3.87
22/02/2018,3.23
22/02/2019,4.18
22/02/2021,0.42
22/02/2022,2.51
22/02/2023,6.11
22/02/2024,3.85
22/03/2007,3.65
22/03/2010,7.33
22/03/2011,13.46
22/03/2012,10.4
22/03/2013,3.15
22/03/2016,3.71
22/03/2017,4.96
22/03/2018,0.7
22/03/2019,3.32
22/03/2021,0.27
22/03/2022,2.18
22/03/2023,1.55
22/03/2024,0.13
22/04/2008,14.18
22/04/2009,5.89
22/04/2010,6.67
22/04/2011,13.26
22/04/2013,2.52
22/04/2014,1.9
22/04/2015,4.37
22/04/2016,4.8
22/04/2019,3.59
22/04/2020,2.55
22/04/2021,0.42
22/04/2022,1.33
22/04/2024,3.87
22/05/2007,4.13
22/05/2008,12.9
22/05/2009,5.54
22/05/2012,4.82
22/05/2013,1.01
22/05/2014,3.4
22/05/2015,1.4
22/05/2017,3.83
22/05/2018,1.44
22/05/2019,3.08
22/05/2020,0.41
22/06/2007,5.87
22/06/2009,5.46
22/06/2010,6.68
22/06/2011,12.88
22/06/2012,6.87
22/06/2015,2.79
22/06/2016,0.96
22/06/2017,2.59
22/06/2018,0.69
22/06/2020,0.14
22/06/2021,1.08
22/06/2022,0.37
22/06/2023,0.91
22/07/2008,19.45
22/07/2009,6.45
22/07/2010,6.68
22/07/2011,12.59
22/07/2013,5.16
22/07/2014,2.95
22/07/2015,1.74
22/07/2016,1.15
22/07/2019,2.74
22/07/2020,0.15
22/07/2021,0.97
22/07/2022,2.8
22/08/2007,3.57
22/08/2008,15.5
22/08/2011,10.51
22/08/2012,7.7
22/08/2013,4.05
22/08/2014,3.72
22/08/2016,0.73
22/08/2017,0.68
22/08/2018,4.59
22/08/2019,3.07
22/08/2022,2.73
22/08/2023,0.17
22/09/2008,13.84
22/09/2009,7.17
22/09/2010,6.79
22/09/2011,12.47
22/09/2014,1.51
22/09/2015,4.42
22/09/2017,0.79
22/09/2020,0.11
22/09/2021,0.68
22/09/2022,4.89
22/09/2023,0.17
22/10/2007,5.33
22/10/2008,10.43
22/10/2009,7.61
22/10/2010,8.02
22/10/2012,4.47
22/10/2013,3.55
22/10/2014,3.08
22/10/2015,2.07
22/10/2018,3.32
22/10/2019,1.66
22/10/2020,0.1
22/10/2021,0.65
22/11/2007,10.31
22/11/2010,9.02
22/11/2011,13.36
22/11/2012,1.81
22/11/2013,3.18
22/11/2016,1.48
22/11/2017,1.24
22/11/2018,4.8
22/11/2019,3.81
22/11/2021,0.63
22/11/2023,0.15
22/12/2008,6.99
22/12/2009,10.73
22/12/2010,11.05
22/12/2011,14.48
22/12/2014,3.25
22/12/2015,4.64
22/12/2016,3.43
22/12/2017,0.75
22/12/2020,0.11
22/12/2021,1.34
22/12/2022,3.77
22/12/2023,0.25
23/01/2007,6.89
23/01/2008,9.11
23/01/2009,6.58
23/01/2013,2.01
23/01/2014,5.18
23/01/2015,3.02
23/01/2017,5.21
23/01/2018,1.7
23/01/2019,4.74
23/01/2024,0.12
23/02/2007,6.32
23/02/2009,6.81
23/02/2010,9.22
23/02/2011,11.47
23/02/2012,13.06
23/02/2016,1.8
23/02/2017,3
23/02/2018,2.15
23/02/2021,0.37
23/02/2022,2.57
23/02/2023,6.15
23/03/2007,4.15
23/03/2009,6.5
23/03/2010,7.74
23/03/2011,13.44
23/03/2012,10.28
23/03/2015,4.1
23/03/2016,3.33
23/03/2017,4.56
23/03/2018,0.72
23/03/2020,1.89
23/03/2021,0.26
23/03/2022,2.19
23/03/2023,1.34
23/04/2007,4.37
23/04/2008,15.25
23/04/2009,5.85
23/04/2012,6.64
23/04/2013,2.54
23/04/2014,1.87
23/04/2015,3.64
23/04/2018,1.54
23/04/2019,3.24
23/04/2020,2.29
23/04/2021,0.44
23/05/2007,4.09
23/05/2008,12.65
23/05/2011,12.85
23/05/2012,4.73
23/05/2013,0.96
23/05/2014,3.11
23/05/2016,0.82
23/05/2017,3.67
23/05/2018,1.59
23/05/2019,3.08
23/05/2022,1.14
23/05/2023,4.42
23/06/2008,18.08
23/06/2009,5.56
23/06/2010,6.86
23/06/2011,12.61
23/06/2014,1.99
23/06/2015,2.56
23/06/2016,0.88
23/06/2017,2.59
23/06/2020,0.15
23/06/2021,1.14
23/06/2022,0.44
23/06/2023,1.08
23/07/2007,3
23/07/2008,18.09
23/07/2009,6.49
23/07/2010,6.56
23/07/2012,5.26
23/07/2013,5.18
23/07/2014,3.27
23/07/2015,1.95
23/07/2018,4.14
23/07/2019,2.8
23/07/2020,0.14
23/07/2021,0.96
23/08/2007,3.68
23/08/2010,6.55
23/08/2011,10.83
23/08/2012,7.28
23/08/2013,3.87
23/08/2016,0.66
23/08/2017,0.67
23/08/2018,4.62
23/08/2019,3.28
23/08/2021,0.65
23/08/2022,3.77
23/08/2023,0.17
23/09/2008,14
23/09/2009,7.23
23/09/2010,6.77
23/09/2011,12.72
23/09/2013,2.43
23/09/2014,1.65
23/09/2015,4.19
23/09/2016,0.46
23/09/2019,2.08
23/09/2020,0.1
23/09/2021,0.69
23/09/2022,5.08
23/10/2007,5.09
23/10/2008,9.71
23/10/2009,7.06
23/10/2012,4.21
23/10/2013,3.93
23/10/2014,2.99
23/10/2015,2.06
23/10/2017,0.7
23/10/2018,3.7
23/10/2019,1.61
23/10/2020,0.1
23/10/2023,2.22
23/11/2007,9.3
23/11/2009,7.15
23/11/2010,9.01
23/11/2011,12.06
23/11/2012,1.7
23/11/2015,2.1
23/11/2016,1.5
23/11/2017,1.1
23/11/2018,4.79
23/11/2020,0.11
23/11/2021,0.63
23/11/2022,6.1
23/11/2023,0.15
23/12/2008,7.01
23/12/2009,10.8
23/12/2010,10.93
23/12/2011,14.7
23/12/2013,3.47
23/12/2014,3.47
23/12/2015,4.8
23/12/2016,3.17
23/12/2019,1.82
23/12/2020,0.11
23/12/2021,1.27
23/12/2022,3.49
24/01/2007,6.44
24/01/2008,8.91
24/01/2011,13.03
24/01/2013,2.01
24/01/2014,5.31
24/01/2017,5.31
24/01/2018,1.55
24/01/2019,4.86
24/01/2022,1.48
24/01/2024,0.13
24/02/2009,7.2
24/02/2010,7.79
24/02/2011,11.72
24/02/2012,12.11
24/02/2014,1.43
24/02/2015,4.55
24/02/2016,1.57
24/02/2017,2.67
24/02/2020,2.21
24/02/2021,0.33
24/02/2022,2.56
24/02/2023,6.06
24/03/2008,4.91
24/03/2009,6.46
24/03/2010,7.43
24/03/2011,13.36
24/03/2014,1.55
24/03/2015,4.14
24/03/2016,2.96
24/03/2017,4.37
24/03/2020,1.87
24/03/2021,0.26
24/03/2022,2.18
24/03/2023,1.14
24/04/2007,4.51
24/04/2008,16.87
24/04/2009,5.76
24/04/2012,6.4
24/04/2013,2.54
24/04/2014,1.75
24/04/2015,2.8
24/04/2017,4.9
24/04/2018,1.55
24/04/2019,2.84
24/04/2020,2.04
24/04/2023,3.84
24/04/2024,4.22
24/05/2007,3.98
24/05/2010,6.29
24/05/2011,12.24
24/05/2012,4.94
24/05/2013,0.97
24/05/2016,0.74
24/05/2017,3.39
24/05/2018,1.55
24/05/2019,3.1
24/05/2021,1.25
24/05/2022,1.04
24/06/2008,18.59
24/06/2009,5.64
24/06/2010,6.75
24/06/2011,12.65
24/06/2013,0.91
24/06/2014,2.26
24/06/2015,2.35
24/06/2016,0.83
24/06/2019,3.32
24/06/2020,0.15
24/06/2021,1.21
24/06/2022,0.6
24/07/2007,3.01
24/07/2008,16.69
24/07/2009,6.58
24/07/2012,5.66
24/07/2013,5.03
24/07/2014,3.28
24/07/2015,2.26
24/07/2017,0.65
24/07/2018,4.69
24/07/2019,2.75
24/07/2020,0.15
24/07/2023,0.2
24/08/2007,3.68
24/08/2009,7.76
24/08/2010,6.62
24/08/2011,11.22
24/08/2012,7.43
24/08/2015,4.95
24/08/2016,0.55
24/08/2017,0.64
24/08/2018,4.59
24/08/2020,0.19
24/08/2021,0.64
24/08/2022,3.82
24/08/2023,0.17
24/09/2007,6.37
24/09/2008,14.01
24/09/2009,6.88
24/09/2010,6.72
24/09/2012,3.49
24/09/2013,2.77
24/09/2014,1.41
24/09/2015,3.63
24/09/2018,2.29
24/09/2019,2.07
24/09/2020,0.11
24/09/2021,0.68
24/10/2007,5.3
24/10/2008,10.35
24/10/2011,12.01
24/10/2012,3.74
24/10/2013,4.65
24/10/2014,2.43
24/10/2015,2.77
24/10/2016,0.38
24/10/2017,0.65
24/10/2018,4.44
24/10/2019,1.61
24/10/2022,5.46
24/11/2008,6.2
24/11/2009,7.13
24/11/2010,9.15
24/11/2011,13.15
24/11/2014,3.07
24/11/2015,2.45
24/11/2016,1.43
24/11/2017,0.94
24/11/2020,0.1
24/11/2021,0.64
24/11/2022,5.97
24/11/2023,0.14
24/12/2007,6.5
24/12/2008,6.71
24/12/2009,10.72
24/12/2010,10.59
24/12/2012,2.22
24/12/2013,4.58
24/12/2014,3.42
24/12/2015,4.88
24/12/2018,4.56
24/12/2019,1.71
24/12/2020,0.11
24/12/2021,1.12
25/01/2007,6.3
25/01/2008,8.82
25/01/2010,10.04
25/01/2011,13.19
25/01/2013,2.29
25/01/2014,5.14
25/01/2016,4.97
25/01/2017,5.31
25/01/2018,1.59
25/01/2019,4.96
25/01/2021,0.1
25/01/2022,2.3
25/01/2024,0.12
25/02/2008,13.53
25/02/2009,6.74
25/02/2010,6.56
25/02/2011,11.95
25/02/2013,2.08
25/02/2014,1.62
25/02/2015,4.52
25/02/2016,1.59
25/02/2019,4.18
25/02/2020,2.51
25/02/2021,0.29
25/02/2022,2.55
25/03/2008,4.72
25/03/2009,6.38
25/03/2010,7.57
25/03/2011,13.25
25/03/2013,3.74
25/03/2014,1.63
25/03/2015,4.31
25/03/2016,2.88
25/03/2019,3.65
25/03/2020,1.86
25/03/2021,0.25
25/03/2022,2.13
25/03/2024,0.27
25/04/2007,4.13
25/04/2008,18.03
25/04/2011,13.11
25/04/2012,7.22
25/04/2013,2.64
25/04/2014,1.72
25/04/2016,4.49
25/04/2017,4.86
25/04/2019,2.29
25/04/2022,1.29
25/04/2023,6.26
25/04/2024,4.08
25/05/2007,4.17
25/05/2009,6.03
25/05/2010,6.7
25/05/2011,11.74
25/05/2012,4.15
25/05/2015,1.49
25/05/2016,0.64
25/05/2017,3.18
25/05/2018,1.62
25/05/2020,0.47
25/05/2021,1.35
25/05/2022,0.93
25/05/2023,4.14
25/06/2007,4.77
25/06/2008,18.66
25/06/2009,5.65
25/06/2010,6.54
25/06/2012,6.58
25/06/2013,0.86
25/06/2014,2.32
25/06/2015,2.21
25/06/2018,0.76
25/06/2019,3.62
25/06/2020,0.13
25/06/2021,1.23
25/07/2007,3.1
25/07/2008,14.98
25/07/2011,12.73
25/07/2012,5.06
25/07/2013,4.96
25/07/2014,2.89
25/07/2016,1.2
25/07/2017,0.67
25/07/2018,4.73
25/07/2019,2.69
25/07/2022,3.67
25/07/2023,0.2
25/08/2008,16.23
25/08/2009,7.52
25/08/2010,6.66
25/08/2011,10.73
25/08/2014,3.67
25/08/2015,4.69
25/08/2016,0.49
25/08/2017,0.56
25/08/2020,0.19
25/08/2021,0.65
25/08/2022,3.74
25/08/2023,0.17
25/09/2007,6.04
25/09/2008,13.68
25/09/2009,6.52
25/09/2012,3.4
25/09/2013,2.8
25/09/2014,1.35
25/09/2015,3.23
25/09/2017,0.81
25/09/2018,2.22
25/09/2019,2.05
25/09/2020,0.11
25/09/2023,0.17
25/10/2007,5.2
25/10/2011,12.04
25/10/2012,3.46
25/10/2013,4.86
25/10/2016,0.43
25/10/2017,0.68
25/10/2018,4.72
25/10/2019,1.81
25/10/2021,0.65
25/10/2022,7.16
25/10/2023,2.74
25/11/2008,7.55
25/11/2009,7.3
25/11/2010,9.18
25/11/2011,13.71
25/11/2013,3.5
25/11/2014,3.03
25/11/2015,2.58
25/11/2016,2.07
25/11/2019,3.81
25/11/2020,0.1
25/11/2021,0.63
25/11/2022,6.01
25/12/2007,6.68
25/12/2008,6.68
25/12/2009,10.68
25/12/2012,3.52
25/12/2013,4.73
25/12/2014,2.52
25/12/2015,4.86
25/12/2017,0.87
25/12/2019,1.68
25/12/2020,0.12
25/12/2023,0.74
26/01/2007,6.89
26/01/2010,9.82
26/01/2011,13.36
26/01/2015,3.12
26/01/2016,5.04
26/01/2018,1.45
26/01/2021,0.11
26/01/2022,2.56
26/01/2024,0.12
26/02/2007,6.07
26/02/2008,9.14
26/02/2009,6.23
26/02/2010,6.41
26/02/2013,1.71
26/02/2014,1.97
26/02/2015,3.06
26/02/2016,1.31
26/02/2018,1.7
26/02/2019,4.29
26/02/2020,2.39
26/02/2021,0.34
26/02/2024,3.54
26/03/2007,4.15
26/03/2008,4.56
26/03/2009,6.19
26/03/2010,7.37
26/03/2012,10.17
26/03/2013,3.87
26/03/2014,1.77
26/03/2015,4.06
26/03/2018,0.74
26/03/2019,4.46
26/03/2020,1.9
26/03/2021,0.26
26/04/2010,6.84
26/04/2011,13.21
26/04/2012,6.5
26/04/2013,2.36
26/04/2014,1.52
26/04/2016,3.64
26/04/2017,4.69
26/04/2018,1.58
26/04/2019,2.74
26/04/2021,0.77
26/04/2022,1.43
26/04/2023,4.82
26/04/2024,4.6
26/05/2008,13.23
26/05/2009,5.97
26/05/2010,6.52
26/05/2011,12.06
26/05/2014,2.93
26/05/2015,1.46
26/05/2016,0.6
26/05/2017,2.84
26/05/2020,0.4
26/05/2021,1.46
26/05/2022,0.74
26/05/2023,4.07
26/06/2007,4.69
26/06/2008,19.97
26/06/2009,5.53
26/06/2012,7.56
26/06/2013,0.85
26/06/2014,2.26
26/06/2015,1.76
26/06/2017,2.5
26/06/2018,0.69
26/06/2019,3.81
26/06/2020,0.13
26/07/2007,2.9
26/07/2010,6.65
26/07/2011,12.62
26/07/2012,4.8
26/07/2013,5.13
26/07/2016,1.17
26/07/2017,0.64
26/07/2018,4.27
26/07/2019,2.7
26/07/2021,0.98
26/07/2022,5.01
26/07/2023,0.21
26/08/2008,16.31
26/08/2009,7.62
26/08/2010,6.77
26/08/2011,11.35
26/08/2013,3.78
26/08/2015,4.28
26/08/2016,0.48
26/08/2019,3.99
26/08/2020,0.19
26/08/2021,0.65
26/08/2022,3.58
26/09/2007,5.79
26/09/2008,13.05
26/09/2011,12.92
26/09/2012,3.42
26/09/2013,2.77
26/09/2014,1.59
26/09/2015,4.42
26/09/2016,0.42
26/09/2017,0.79
26/09/2018,2.29
26/09/2019,2.08
26/09/2022,5.12
26/09/2023,0.16
26/10/2007,4.95
26/10/2009,7.5
26/10/2010,8.38
26/10/2011,11.88
26/10/2012,2.85
26/10/2015,2.01
26/10/2016,0.53
26/10/2017,0.64
26/10/2018,4.83
26/10/2020,0.11
26/10/2021,0.65
26/10/2022,7.2
26/10/2023,1.89
26/11/2007,10.12
26/11/2008,7.76
26/11/2009,7.54
26/11/2010,8.73
26/11/2013,3.65
26/11/2014,3.03
26/11/2015,2.97
26/11/2018,4.84
26/11/2019,4.55
26/11/2020,0.11
26/11/2021,0.64
26/12/2007,6.66
26/12/2008,6.33
26/12/2011,14.01
26/12/2012,4.64
26/12/2013,4.7
26/12/2014,2.38
26/12/2015,4.88
26/12/2016,3.29
26/12/2017,0.88
26/12/2018,4.39
26/12/2019,1.54
26/12/2022,3.25
26/12/2023,1.02
27/01/2011,13.37
27/01/2014,4.7
27/01/2015,3.34
27/01/2016,5.04
27/01/2021,0.11
27/01/2022,2.42
27/01/2023,6.13
27/02/2008,7.66
27/02/2009,6.27
27/02/2012,10.62
27/02/2014,1.49
27/02/2015,2.55
27/02/2017,3.15
27/02/2018,1.28
27/02/2019,4.21
27/02/2020,2.1
27/02/2023,5.77
27/02/2024,3.32
27/03/2007,4.51
27/03/2008,4.02
27/03/2009,6.02
27/03/2012,10.1
27/03/2013,3.55
27/03/2014,1.7
27/03/2015,3.89
27/03/2017,4.7
27/03/2018,0.76
27/03/2019,4.56
27/03/2020,2.07
27/03/2023,1.06
27/03/2024,0.28
27/04/2007,4.17
27/04/2009,6.22
27/04/2010,6.71
27/04/2011,13.1
27/04/2012,2.53
27/04/2015,2.51
27/04/2016,2.53
27/04/2017,4.51
27/04/2018,2
27/04/2020,1.92
27/04/2021,1.05
27/04/2022,1.4
27/04/2023,4.12
27/05/2008,12.44
27/05/2009,5.78
27/05/2010,6.55
27/05/2011,12.17
27/05/2013,0.95
27/05/2014,2.81
27/05/2015,1.37
27/05/2016,0.51
27/05/2019,3.15
27/05/2020,0.33
27/05/2021,1.46
27/05/2022,0.53
27/06/2007,4.99
27/06/2008,17.2
27/06/2011,12.51
27/06/2012,7.05
27/06/2013,0.8
27/06/2014,2.01
27/06/2016,1.26
27/06/2017,2.3
27/06/2018,0.67
27/06/2019,3.94
27/06/2022,0.69
27/06/2023,0.89
27/07/2007,3.36
27/07/2009,6.98
27/07/2010,6.65
27/07/2012,4.54
27/07/2015,2.46
27/07/2016,1.14
27/07/2017,0.49
27/07/2018,2.83
27/07/2020,0.19
27/07/2021,1
27/07/2022,5.13
27/08/2007,3.55
27/08/2008,15.94
27/08/2009,7.72
27/08/2010,6.81
27/08/2012,7
27/08/2013,3.59
27/08/2014,3.56
27/08/2015,4.95
27/08/2018,4.58
27/08/2019,5.04
27/08/2020,0.19
27/08/2021,0.64
27/09/2007,6.07
27/09/2010,6.56
27/09/2011,12.83
27/09/2012,2.69
27/09/2013,2.66
27/09/2016,0.43
27/09/2017,0.78
27/09/2018,2.46
27/09/2019,2.02
27/09/2021,0.68
27/09/2022,5.16
27/09/2023,0.16
27/10/2008,10.27
27/10/2009,7.46
27/10/2010,8.29
27/10/2011,10.79
27/10/2014,2.14
27/10/2015,1.71
27/10/2016,0.51
27/10/2017,0.67
27/10/2020,0.1
27/10/2021,0.65
27/10/2022,6.07
27/10/2023,1.37
27/11/2007,9.54
27/11/2008,7.98
27/11/2009,7.28
27/11/2012,1.74
27/11/2013,3.09
27/11/2015,3.04
27/11/2017,0.86
27/11/2018,4.8
27/11/2019,3.82
27/11/2020,0.1
27/11/2023,0.14
27/12/2007,7.06
27/12/2010,10.34
27/12/2011,13.44
27/12/2012,4.72
27/12/2013,4.32
27/12/2014,2.17
27/12/2016,3.33
27/12/2018,3.87
27/12/2019,1.52
27/12/2021,1.12
27/12/2022,3.36
27/12/2023,0.79
28/01/2008,9.58
28/01/2011,13.38
28/01/2013,2.88
28/01/2015,3.37
28/01/2016,5.09
28/01/2019,5.12
28/01/2021,0.14
28/01/2022,2.42
28/02/2007,5.63
28/02/2008,6.81
28/02/2011,12.46
28/02/2012,11.38
28/02/2013,1.88
28/02/2014,1.15
28/02/2017,3.37
28/02/2018,0.93
28/02/2019,3.88
28/02/2020,2.02
28/02/2022,2.56
28/02/2023,5.24
28/02/2024,2.4
28/03/2007,4.51
28/03/2008,4.75
28/03/2011,13.19
28/03/2012,10.21
28/03/2013,3.06
28/03/2014,1.63
28/03/2016,2.86
28/03/2017,4.77
28/03/2018,0.68
28/03/2019,4.55
28/03/2022,2.08
28/03/2023,0.98
28/03/2024,0.31
28/04/2008,19.47
28/04/2009,6.11
28/04/2010,6.69
28/04/2014,1.57
28/04/2016,2.09
28/04/2017,4.4
28/04/2020,1.94
28/04/2021,1.2
28/04/2022,1.37
28/04/2023,4.12
28/05/2007,3.87
28/05/2008,12.62
28/05/2009,5.88
28/05/2010,6.37
28/05/2012,4.09
28/05/2013,0.93
28/05/2014,2.2
28/05/2015,1.14
28/05/2018,1.6
28/05/2019,3.11
28/05/2020,0.28
28/05/2021,1.42
28/06/2007,4.69
28/06/2010,6.57
28/06/2011,12.28
28/06/2012,6.09
28/06/2013,1.05
28/06/2016,1.31
28/06/2017,2.07
28/06/2018,0.67
28/06/2019,4.15
28/06/2021,1.19
28/06/2022,0.68
28/06/2023,0.69
28/07/2008,14.67
28/07/2009,6.61
28/07/2010,6.51
28/07/2011,11.64
28/07/2014,2.28
28/07/2015,2.53
28/07/2016,1.07
28/07/2017,0.49
28/07/2020,0.24
28/07/2021,0.98
28/07/2022,4.68
28/07/2023,0.2
28/08/2007,3.03
28/08/2008,15.7
28/08/2009,6.75
28/08/2012,5.47
28/08/2013,3.22
28/08/2014,3.01
28/08/2015,2.91
28/08/2017,0.68
28/08/2018,4.48
28/08/2019,4.75
28/08/2020,0.18
28/08/2023,0.17
28/09/2009,6.58
28/09/2010,6.44
28/09/2011,12.56
28/09/2012,2.48
28/09/2015,2.69
28/09/2016,0.45
28/09/2017,0.68
28/09/2018,2.89
28/09/2020,0.11
28/09/2021,0.68
28/09/2022,5.06
28/09/2023,0.15
28/10/2008,10.16
28/10/2009,7
28/10/2010,8.1
28/10/2011,12.3
28/10/2013,4.75
28/10/2014,1.59
28/10/2015,1.49
28/10/2016,0.56
28/10/2019,2.29
28/10/2020,0.1
28/10/2021,0.61
28/10/2022,4.79
28/11/2007,8.17
28/11/2008,8.72
28/11/2011,12.95
28/11/2012,1.78
28/11/2013,2.74
28/11/2014,3.18
28/11/2015,2.97
28/11/2016,2.79
28/11/2017,0.67
28/11/2018,4.77
28/11/2019,3.64
28/11/2022,5.88
28/11/2023,0.14
28/12/2007,6.59
28/12/2009,10.81
28/12/2010,10.07
28/12/2011,13.83
28/12/2012,5.86
28/12/2015,4.84
28/12/2016,3.41
28/12/2017,1.19
28/12/2018,3.91
28/12/2020,0.12
28/12/2021,0.98
28/12/2022,3.2
28/12/2023,0.51
29/01/2007,6.53
29/01/2008,10.86
29/01/2013,2.62
29/01/2015,3.39
29/01/2016,5.35
29/01/2018,1.53
29/01/2019,5.23
29/01/2021,0.33
29/01/2024,0.12
29/02/2008,7.1
29/02/2012,11.06
29/02/2016,1.22
29/02/2024,1.46
29/03/2007,4.21
29/03/2010,7.11
29/03/2011,13.36
29/03/2012,9.49
29/03/2013,2.74
29/03/2016,2.97
29/03/2017,4.87
29/03/2018,0.72
29/03/2019,4.3
29/03/2021,0.37
29/03/2022,2.03
29/03/2024,2.51
29/04/2008,13.42
29/04/2009,5.81
29/04/2010,6.92
29/04/2011,12.75
29/04/2014,1.69
29/04/2016,3.8
29/04/2020,2.11
29/04/2021,0.9
29/04/2022,1.37
29/05/2007,3.86
29/05/2008,11.97
29/05/2009,5.61
29/05/2012,3.18
29/05/2013,1.46
29/05/2014,1.51
29/05/2015,1.05
29/05/2017,2.62
29/05/2018,1.6
29/05/2019,2.85
29/05/2020,0.3
29/05/2023,3.96
29/06/2007,5.35
29/06/2009,5.42
29/06/2010,6.35
29/06/2011,12.15
29/06/2012,6.04
29/06/2013,0.82
29/06/2015,1.76
29/06/2016,1.21
29/06/2017,1.54
29/06/2018,0.84
29/06/2020,0.12
29/06/2021,1.1
29/06/2022,0.71
29/06/2023,0.39
29/07/2008,14.2
29/07/2009,5.97
29/07/2011,11.18
29/07/2013,5.16
29/07/2014,1.97
29/07/2015,2.7
29/07/2016,1.28
29/07/2019,2.67
29/07/2020,0.24
29/07/2021,0.94
29/07/2022,4.19
29/08/2007,3.01
29/08/2008,14.03
29/08/2011,11.9
29/08/2012,4.8
29/08/2013,2.76
29/08/2014,2.82
29/08/2016,0.54
29/08/2017,0.73
29/08/2018,4.26
29/08/2019,4.04
29/08/2022,3.88
29/08/2023,0.16
29/09/2008,17.05
29/09/2009,6.26
29/09/2010,6.48
29/09/2011,12.16
29/09/2014,1.4
29/09/2015,2.29
29/09/2016,0.41
29/09/2017,0.65
29/09/2020,0.11
29/09/2021,0.67
29/09/2022,4.98
29/09/2023,0.19
29/10/2007,4.91
29/10/2008,10.51
29/10/2009,6.66
29/10/2010,8.13
29/10/2012,2.64
29/10/2013,3.71
29/10/2014,1.39
29/10/2015,1.31
29/10/2018,4.94
29/10/2019,2.11
29/10/2020,0.1
29/10/2021,0.61
29/11/2007,7.62
29/11/2010,8.8
29/11/2011,12.99
29/11/2012,1.75
29/11/2013,2.4
29/11/2016,2.72
29/11/2017,0.63
29/11/2018,4.6
29/11/2019,3.93
29/11/2021,0.61
29/11/2022,5.63
29/11/2023,0.14
29/12/2008,6.07
29/12/2009,10.8
29/12/2010,10.01
29/12/2011,13.96
29/12/2014,2.77
29/12/2015,4.75
29/12/2016,3.24
29/12/2017,1.73
29/12/2020,0.13
29/12/2021,0.81
29/12/2022,2.81
29/12/2023,0.51
30/01/2007,6.47
30/01/2008,14.87
30/01/2009,6.27
30/01/2011,12.89
30/01/2012,15.02
30/01/2013,2.12
30/01/2015,4.23
30/01/2016,5.04
30/01/2018,1.55
30/01/2019,5.19
30/01/2020,2.85
30/01/2023,6.17
30/01/2024,0.18
30/03/2007,4.33
30/03/2009,6.34
30/03/2010,6.95
30/03/2011,13.02
30/03/2012,7.65
30/03/2015,3.41
30/03/2016,3.07
30/03/2017,4.81
30/03/2018,0.74
30/03/2020,2.19
30/03/2021,0.24
30/03/2022,2.01
30/03/2023,0.9
30/05/2007,3.89
30/05/2008,11.42
30/05/2011,12.13
30/05/2012,3.21
30/05/2013,1.33
30/05/2014,1.33
30/05/2016,0.73
30/05/2017,2.32
30/05/2018,1.62
30/05/2019,2.53
30/05/2022,0.38
30/05/2023,3.77
30/06/2008,16.7
30/06/2009,5.5
30/06/2010,6.22
30/06/2011,11.75
30/06/2014,2.2
30/06/2015,1.8
30/06/2016,1.22
30/06/2017,1.47
30/06/2020,0.15
30/06/2021,1.13
30/07/2007,2.96
30/07/2008,13.22
30/07/2009,5.55
30/07/2010,6.66
30/07/2012,3.36
30/07/2013,5.11
30/07/2014,1.66
30/07/2015,3.22
30/07/2018,2.24
30/07/2019,2.7
30/07/2020,0.2
30/07/2021,0.97
30/08/2007,2.97
30/08/2010,6.98
30/08/2011,11.95
30/08/2012,3.49
30/08/2013,2.58
30/08/2016,0.43
30/08/2017,0.64
30/08/2018,4.22
30/08/2019,5
30/08/2021,0.69
30/08/2022,4.42
30/08/2023,0.16
30/09/2008,10.91
30/09/2009,5.86
30/09/2010,6.19
30/09/2011,11.31
30/09/2013,2.85
30/09/2014,1.1
30/09/2015,1.7
30/09/2016,0.59
30/09/2019,1.74
30/09/2020,0.13
30/09/2021,0.65
30/09/2022,4.93
30/10/2007,5.15
30/10/2008,10.59
30/10/2009,6.22
30/10/2012,2.47
30/10/2013,2.62
30/10/2014,1.32
30/10/2015,1.37
30/10/2017,0.78
30/10/2018,4.86
30/10/2019,1.67
30/10/2020,0.11
30/10/2023,0.96
30/11/2007,7.08
30/11/2009,7.5
30/11/2010,8.49
30/11/2011,12.45
30/11/2012,1.58
30/11/2015,3.36
30/11/2016,2.31
30/11/2017,0.55
30/11/2018,4.44
30/11/2020,0.1
30/11/2021,0.65
30/11/2022,5.32
30/11/2023,0.14
30/12/2008,5.21
30/12/2009,10.49
30/12/2010,9.92
30/12/2011,14.12
30/12/2013,3.52
30/12/2014,2.77
30/12/2015,4.96
30/12/2016,3.23
30/12/2019,1.3
30/12/2020,0.13
30/12/2021,0.73
31/01/2007,6.49
31/01/2012,13.27
31/01/2013,1.63
31/01/2018,1.66
31/01/2019,4.82
31/01/2020,3.08
31/01/2023,6.23
31/01/2024,0.97
31/03/2008,4.22
31/03/2009,6.15
31/03/2010,6.92
31/03/2011,12.07
31/03/2014,1.85
31/03/2015,2.64
31/03/2016,3.7
31/03/2017,4.71
31/03/2020,2.44
31/03/2021,0.26
31/03/2022,2.08
31/03/2023,1.12
31/05/2007,3.86
31/05/2010,6.13
31/05/2011,11.78
31/05/2012,4.8
31/05/2013,0.89
31/05/2016,0.78
31/05/2017,2.04
31/05/2019,2.76
31/05/2021,1.54
31/05/2022,0.33
31/07/2007,3.21
31/07/2008,13.44
31/07/2009,5.42
31/07/2012,3.15
31/07/2013,4.8
31/07/2014,1.98
31/07/2015,3.82
31/07/2017,0.48
31/07/2018,1.61
31/07/2019,2.74
31/07/2020,0.21
31/07/2023,0.19
31/08/2009,6.53
31/08/2010,6.86
31/08/2011,11.89
31/08/2012,2.25
31/08/2015,3.36
31/08/2016,0.39
31/08/2017,0.61
31/08/2018,4.19
31/08/2020,0.16
31/08/2021,0.63
31/08/2022,4.42
31/08/2023,0.16
31/10/2007,5.07
31/10/2008,10.63
31/10/2011,10.93
31/10/2012,2.22
31/10/2013,2.17
31/10/2014,1.38
31/10/2015,1.71
31/10/2016,0.82
31/10/2017,0.84
31/10/2018,4.81
31/10/2019,1.51
31/10/2022,5.1
31/10/2023,0.81
31/12/2007,7.12
31/12/2008,5.18
31/12/2009,9.97
31/12/2010,9.97
31/12/2012,5.16
31/12/2013,3.37
31/12/2014,2.22
31/12/2015,4.86
31/12/2019,1.43
31/12/2020,0.15
31/12/2021,0.73
